,case_id,slide_id,age,oncotree_code,is_female,survival_months,censorship,site
0,TCGA-3M-AB46,TCGA-3M-AB46-01Z-00-DX1.70F638A0-BDCB-4BDE-BBFE-6D78A1A08C5B.svs,70,STAD,0,57.98,1,3M
1,TCGA-B7-5816,TCGA-B7-5816-01Z-00-DX1.1B05F96A-D5E2-4366-A098-A861313F3461.svs,51,STAD,1,26.68,1,B7
25,TCGA-BR-6452,TCGA-BR-6452-01Z-00-DX1.aec8246e-9dce-436d-9faa-df8fa1f6e47c.svs,78,STAD,1,34.66,1,BR
26,TCGA-BR-6453,TCGA-BR-6453-01Z-00-DX1.2e52d64c-e34f-47a9-9e5e-8954b5ef18ca.svs,54,STAD,0,15.93,1,BR
27,TCGA-BR-6454,TCGA-BR-6454-01Z-00-DX1.63fb6280-2b43-49b2-960a-eb9c0e8b617c.svs,58,STAD,0,0.0,1,BR
28,TCGA-BR-6455,TCGA-BR-6455-01Z-00-DX1.402682fe-98b4-4381-85da-98510db17af9.svs,59,STAD,0,13.86,0,BR
29,TCGA-BR-6456,TCGA-BR-6456-01Z-00-DX1.2cb7b656-95e1-4f34-99e6-77a051fb79e5.svs,74,STAD,1,17.28,0,BR
30,TCGA-BR-6457,TCGA-BR-6457-01Z-00-DX1.387f0968-fcec-4864-86f8-9c87f658c371.svs,69,STAD,0,13.67,1,BR
31,TCGA-BR-6458,TCGA-BR-6458-01Z-00-DX1.e889b058-99ab-4337-84a5-60a884caad55.svs,57,STAD,1,19.32,0,BR
32,TCGA-BR-6563,TCGA-BR-6563-01Z-00-DX1.2398c0e0-47a6-4557-8e2d-3b890756900a.svs,60,STAD,0,39.09,1,BR
33,TCGA-BR-6564,TCGA-BR-6564-01Z-00-DX1.ad86e83f-ebfd-4eee-8bf8-7490c5f79a17.svs,46,STAD,1,26.08,0,BR
34,TCGA-BR-6565,TCGA-BR-6565-01Z-00-DX1.0e53f881-e0d7-4906-946a-67f612906476.svs,67,STAD,0,9.17,0,BR
35,TCGA-BR-6566,TCGA-BR-6566-01Z-00-DX1.908c1c0f-12a4-4fa8-a398-ca3b033e7496.svs,64,STAD,1,32.75,1,BR
36,TCGA-BR-6705,TCGA-BR-6705-01Z-00-DX1.1e145e40-56d6-4ebd-9a9b-bc5a0cbe3247.svs,68,STAD,1,25.59,0,BR
37,TCGA-BR-6706,TCGA-BR-6706-01Z-00-DX1.8627a957-8d44-47ec-9156-53ccc37b9add.svs,63,STAD,0,18.04,0,BR
38,TCGA-BR-6707,TCGA-BR-6707-01Z-00-DX1.fade928c-b514-43d8-90dd-37b505df9992.svs,75,STAD,0,19.88,0,BR
39,TCGA-BR-6709,TCGA-BR-6709-01Z-00-DX1.92df4063-8b47-4655-a010-edc385b35840.svs,57,STAD,1,12.16,0,BR
40,TCGA-BR-6710,TCGA-BR-6710-01Z-00-DX1.9368e11d-9000-4e84-8772-a0ee54932049.svs,41,STAD,0,8.97,1,BR
41,TCGA-BR-6801,TCGA-BR-6801-01Z-00-DX1.7d2aaa44-16f0-4526-87f2-6e95cdb5df3b.svs,70,STAD,0,40.18,1,BR
42,TCGA-BR-6802,TCGA-BR-6802-01Z-00-DX1.e171554c-05b5-4622-beb7-0abee31f5109.svs,65,STAD,0,30.88,1,BR
43,TCGA-BR-6803,TCGA-BR-6803-01Z-00-DX1.0704a32a-4a03-4c67-96ad-4888ea899c70.svs,54,STAD,1,31.18,1,BR
44,TCGA-BR-6852,TCGA-BR-6852-01Z-00-DX1.9cdca0ad-9351-42c2-8082-3742de914369.svs,64,STAD,1,44.91,1,BR
45,TCGA-BR-7196,TCGA-BR-7196-01Z-00-DX1.651ae8f6-2d2e-4520-9419-29b957e85d03.svs,64,STAD,0,21.88,1,BR
46,TCGA-BR-7197,TCGA-BR-7197-01Z-00-DX1.a8ee53be-925d-4922-b670-74b09f405dd3.svs,69,STAD,0,9.2,1,BR
47,TCGA-BR-7703,TCGA-BR-7703-01Z-00-DX1.405deaeb-de87-480f-b676-3657d92d1f68.svs,81,STAD,0,36.14,1,BR
48,TCGA-BR-7704,TCGA-BR-7704-01Z-00-DX1.51495bff-d6fd-448c-b428-aea6fd593086.svs,69,STAD,1,35.22,1,BR
49,TCGA-BR-7707,TCGA-BR-7707-01Z-00-DX1.0aae4d1b-3345-4277-8820-c54e3df2e64f.svs,69,STAD,1,35.81,1,BR
50,TCGA-BR-7715,TCGA-BR-7715-01Z-00-DX1.30aff8b3-bb1b-4aff-9f6b-2dde40122359.svs,65,STAD,0,33.61,1,BR
51,TCGA-BR-7716,TCGA-BR-7716-01Z-00-DX1.777e570a-5771-4288-b110-26e44358745b.svs,62,STAD,1,39.75,1,BR
52,TCGA-BR-7717,TCGA-BR-7717-01Z-00-DX1.caf061b5-c58d-4f32-a49c-383003fb4f57.svs,63,STAD,0,18.13,0,BR
53,TCGA-BR-7722,TCGA-BR-7722-01Z-00-DX1.06384343-d45c-4087-95c6-3b11304ec28e.svs,62,STAD,0,15.31,0,BR
54,TCGA-BR-7723,TCGA-BR-7723-01Z-00-DX1.15f75a3f-93b8-423f-b5b5-bdb5ef378ed8.svs,59,STAD,0,28.71,0,BR
55,TCGA-BR-7851,TCGA-BR-7851-01Z-00-DX1.1f3a3b7d-0c1e-42af-9d5b-2a90b759eca9.svs,74,STAD,0,18.86,0,BR
56,TCGA-BR-7901,TCGA-BR-7901-01Z-00-DX1.5c4f8dec-3428-4019-a9fb-00f07f9418e6.svs,74,STAD,0,3.45,0,BR
57,TCGA-BR-7957,TCGA-BR-7957-01Z-00-DX1.870e24e0-b9cf-4baa-91f1-bd031d06da8e.svs,50,STAD,1,9.07,0,BR
58,TCGA-BR-7958,TCGA-BR-7958-01Z-00-DX1.41f7c42e-6266-49d7-bdb6-66771033961f.svs,60,STAD,0,29.53,1,BR
59,TCGA-BR-8058,TCGA-BR-8058-01Z-00-DX1.e2c9bf25-0e6b-4088-9148-483f45893c3d.svs,53,STAD,1,37.22,1,BR
60,TCGA-BR-8059,TCGA-BR-8059-01Z-00-DX1.b877e3e3-cde8-4a00-b2dc-53db8bc25d53.svs,72,STAD,0,14.42,0,BR
61,TCGA-BR-8060,TCGA-BR-8060-01Z-00-DX1.6193aa89-3c4a-445a-ba2f-7eeea7f01cbe.svs,75,STAD,1,11.43,0,BR
62,TCGA-BR-8077,TCGA-BR-8077-01Z-00-DX1.8c68b0bb-ef3f-41e4-bd01-8a1dbb5ee8c1.svs,58,STAD,1,0.69,1,BR
63,TCGA-BR-8078,TCGA-BR-8078-01Z-00-DX1.8e4a1099-d1c4-46b2-ae3b-5276b93d7003.svs,70,STAD,1,29.57,1,BR
64,TCGA-BR-8081,TCGA-BR-8081-01Z-00-DX1.c6c1ef86-9aad-463e-a64a-f1a2dbe465dc.svs,71,STAD,1,32.23,1,BR
65,TCGA-BR-8284,TCGA-BR-8284-01Z-00-DX1.ea9f3dca-8390-4ae4-8ede-5ed776d1ad4d.svs,72,STAD,1,8.05,0,BR
66,TCGA-BR-8285,TCGA-BR-8285-01Z-00-DX1.8d926a43-0e57-434a-8968-de8ccf749d2e.svs,57,STAD,1,0.56,0,BR
67,TCGA-BR-8286,TCGA-BR-8286-01Z-00-DX1.4e8edc91-41c1-4b40-89b5-6f09636e4a3f.svs,49,STAD,0,29.4,1,BR
68,TCGA-BR-8289,TCGA-BR-8289-01Z-00-DX1.3fd11755-cb87-40fe-92e2-0ccc55aefa0d.svs,57,STAD,0,2.66,0,BR
69,TCGA-BR-8291,TCGA-BR-8291-01Z-00-DX1.a7e89a69-6d6d-4c43-b299-a618bd859170.svs,61,STAD,0,19.94,0,BR
70,TCGA-BR-8295,TCGA-BR-8295-01Z-00-DX1.9c19a25e-dcf2-41b4-b726-2f09ae7c38f6.svs,60,STAD,1,2.2,0,BR
71,TCGA-BR-8296,TCGA-BR-8296-01Z-00-DX1.0f4638b7-a38e-41f8-96e0-3e3a72cd2c10.svs,58,STAD,1,15.57,0,BR
72,TCGA-BR-8297,TCGA-BR-8297-01Z-00-DX1.881fd27f-e2c1-42fe-9b1a-afae4fcc4909.svs,58,STAD,0,7.39,1,BR
73,TCGA-BR-8360,TCGA-BR-8360-01Z-00-DX1.5250b193-e906-4279-b8cf-aac8f37183be.svs,66,STAD,0,6.18,1,BR
74,TCGA-BR-8361,TCGA-BR-8361-01Z-00-DX1.1b4bb384-c462-453a-97b4-663dbba4a464.svs,71,STAD,1,31.08,1,BR
75,TCGA-BR-8362,TCGA-BR-8362-01Z-00-DX1.178c994d-2cf5-4385-a807-fc08e0cf10f6.svs,65,STAD,0,13.07,0,BR
76,TCGA-BR-8363,TCGA-BR-8363-01Z-00-DX1.eeecad72-b281-4e28-be60-4542b4a275aa.svs,73,STAD,1,0.26,0,BR
77,TCGA-BR-8364,TCGA-BR-8364-01Z-00-DX1.245676db-6d78-4ae4-ae36-b4a70781a2f8.svs,42,STAD,1,22.17,1,BR
78,TCGA-BR-8365,TCGA-BR-8365-01Z-00-DX1.0cf05858-a4a5-468e-aa62-d3e3e91eab4a.svs,70,STAD,1,17.51,0,BR
79,TCGA-BR-8366,TCGA-BR-8366-01Z-00-DX1.3cda0b57-d0a4-4877-a31c-c9f5f9007cc7.svs,80,STAD,1,0.95,1,BR
80,TCGA-BR-8367,TCGA-BR-8367-01Z-00-DX1.25d1e251-923d-46f5-9a6b-2f6207def599.svs,55,STAD,0,26.31,0,BR
81,TCGA-BR-8368,TCGA-BR-8368-01Z-00-DX1.b1d32cec-36d6-4ee9-9455-bf0c797a271a.svs,84,STAD,1,4.3,1,BR
82,TCGA-BR-8369,TCGA-BR-8369-01Z-00-DX1.13c80644-af27-4971-9e41-4d18c1c78378.svs,76,STAD,1,14.03,1,BR
83,TCGA-BR-8370,TCGA-BR-8370-01Z-00-DX1.9243927e-08a3-4d97-a8b8-bea795418039.svs,64,STAD,0,3.32,1,BR
84,TCGA-BR-8371,TCGA-BR-8371-01Z-00-DX1.89838852-2ec7-491f-bc29-2cecbda401df.svs,62,STAD,0,11.79,0,BR
85,TCGA-BR-8372,TCGA-BR-8372-01Z-00-DX1.d0f9d5fd-3d6e-4d86-ad63-fb3611d6af05.svs,63,STAD,0,31.24,1,BR
86,TCGA-BR-8373,TCGA-BR-8373-01Z-00-DX1.d508dfad-2195-4aa4-bccc-58a450d07182.svs,65,STAD,1,14.78,1,BR
87,TCGA-BR-8380,TCGA-BR-8380-01Z-00-DX1.4692f9c9-a7f2-4274-be65-6990f02c1275.svs,55,STAD,0,0.69,0,BR
88,TCGA-BR-8381,TCGA-BR-8381-01Z-00-DX1.1a017141-7af0-4aba-8e07-18b9bd9ce6a3.svs,51,STAD,0,7.36,1,BR
89,TCGA-BR-8382,TCGA-BR-8382-01Z-00-DX1.b74fc4a1-4dfc-47dc-8ee1-2fa44ad17a69.svs,67,STAD,1,25.03,0,BR
90,TCGA-BR-8384,TCGA-BR-8384-01Z-00-DX1.4f2655b6-39ef-4532-b8ed-b604ee5dada5.svs,69,STAD,0,3.71,1,BR
91,TCGA-BR-8483,TCGA-BR-8483-01Z-00-DX1.0ddc4003-6d59-4b2b-9448-2755120de9f2.svs,59,STAD,0,5.39,1,BR
92,TCGA-BR-8484,TCGA-BR-8484-01Z-00-DX1.5c897888-fcd2-4214-aa1e-f6a63ff1b755.svs,61,STAD,0,25.16,0,BR
93,TCGA-BR-8485,TCGA-BR-8485-01Z-00-DX1.863bea72-3bd3-4f07-bbc9-e00d17ae39f7.svs,68,STAD,1,9.2,1,BR
94,TCGA-BR-8486,TCGA-BR-8486-01Z-00-DX1.5a31224e-5c0e-49ca-ae65-d2edc8e4a0a2.svs,90,STAD,1,0.0,1,BR
95,TCGA-BR-8487,TCGA-BR-8487-01Z-00-DX1.81ed3672-7b6c-4db4-9cba-3f0173709320.svs,64,STAD,1,1.12,1,BR
96,TCGA-BR-8588,TCGA-BR-8588-01Z-00-DX1.34ca86de-a957-4cf7-9337-de0bba1844bc.svs,55,STAD,1,12.78,1,BR
97,TCGA-BR-8589,TCGA-BR-8589-01Z-00-DX1.5cd1a083-358a-4238-b3ca-1bfcdc084e80.svs,56,STAD,0,27.1,1,BR
98,TCGA-BR-8590,TCGA-BR-8590-01Z-00-DX1.504afa1d-3a8f-423f-9edf-4df35720c05f.svs,62,STAD,0,9.33,0,BR
99,TCGA-BR-8591,TCGA-BR-8591-01Z-00-DX1.c64ee000-b80d-46dd-b347-7aa8ce3b6113.svs,79,STAD,0,28.12,1,BR
100,TCGA-BR-8592,TCGA-BR-8592-01Z-00-DX1.5656d484-7850-467a-9d51-b6005a992225.svs,63,STAD,1,6.27,0,BR
101,TCGA-BR-8676,TCGA-BR-8676-01Z-00-DX1.297da9bc-fbfd-4277-84e1-297f177211db.svs,59,STAD,0,7.52,1,BR
102,TCGA-BR-8677,TCGA-BR-8677-01Z-00-DX1.7b2468f0-636f-4447-ae26-05cacf24e9c4.svs,74,STAD,1,26.71,1,BR
103,TCGA-BR-8678,TCGA-BR-8678-01Z-00-DX1.b6b8888f-c3e6-4466-a13b-8434ff5b3a30.svs,76,STAD,0,24.77,1,BR
104,TCGA-BR-8679,TCGA-BR-8679-01Z-00-DX1.2aa8a10d-4b62-479b-bea8-6c48428a888a.svs,63,STAD,1,0.0,1,BR
105,TCGA-BR-8680,TCGA-BR-8680-01Z-00-DX1.a314ef6e-f3f9-4148-934e-dc432e3f39e8.svs,45,STAD,0,31.93,1,BR
106,TCGA-BR-8683,TCGA-BR-8683-01Z-00-DX1.586c64f3-3f10-4729-99e2-38c6bd32e50d.svs,75,STAD,0,9.86,0,BR
107,TCGA-BR-8686,TCGA-BR-8686-01Z-00-DX1.8f559dd9-228e-4ed2-a7e4-16e04b80f05c.svs,69,STAD,0,20.86,0,BR
108,TCGA-BR-8687,TCGA-BR-8687-01Z-00-DX1.95a2ccce-d477-42ca-9be1-eec03bc9f117.svs,67,STAD,1,8.21,0,BR
109,TCGA-BR-8690,TCGA-BR-8690-01Z-00-DX1.e94544ed-62a3-41f3-95d5-f0ba9dfaa77f.svs,54,STAD,1,10.68,1,BR
110,TCGA-BR-A44T,TCGA-BR-A44T-01Z-00-DX1.46AA24E7-F2C9-418B-90AA-D6DA2896F5DE.svs,53,STAD,1,34.1,1,BR
111,TCGA-BR-A44U,TCGA-BR-A44U-01Z-00-DX1.8C665560-8CAC-4ABF-B2B2-17A76B3A9F14.svs,70,STAD,0,13.86,0,BR
112,TCGA-BR-A452,TCGA-BR-A452-01Z-00-DX1.049385EF-FF29-4124-800D-A3FF525A85A0.svs,57,STAD,0,7.52,0,BR
113,TCGA-BR-A4CQ,TCGA-BR-A4CQ-01Z-00-DX1.B63282A5-154D-441B-BF96-5BB26CB6D95E.svs,58,STAD,0,34.95,1,BR
114,TCGA-BR-A4CR,TCGA-BR-A4CR-01Z-00-DX1.9DC43CFC-D1DC-4851-A1C1-CE8E3A24B8A4.svs,70,STAD,1,0.0,1,BR
115,TCGA-BR-A4CS,TCGA-BR-A4CS-01Z-00-DX1.84B5892C-6C7F-474D-BA09-04E870A47764.svs,77,STAD,0,1.48,0,BR
116,TCGA-BR-A4IU,TCGA-BR-A4IU-01Z-00-DX1.4F3CD2B4-A19E-42C5-9ABD-850D80D47E4C.svs,34,STAD,1,27.53,1,BR
117,TCGA-BR-A4IV,TCGA-BR-A4IV-01Z-00-DX1.53BA2682-9B7A-4035-B811-4A3504158298.svs,47,STAD,0,28.55,0,BR
118,TCGA-BR-A4IY,TCGA-BR-A4IY-01Z-00-DX1.84134CDC-D21F-43AD-82E3-1074487457F6.svs,58,STAD,0,12.88,1,BR
119,TCGA-BR-A4IZ,TCGA-BR-A4IZ-01Z-00-DX1.8D8B49FE-E60E-4DED-AC30-FD32605E7EAF.svs,45,STAD,1,8.97,0,BR
120,TCGA-BR-A4J1,TCGA-BR-A4J1-01Z-00-DX1.B4F9F7D6-174B-42C9-AFFF-A088398F18EA.svs,63,STAD,0,0.72,0,BR
121,TCGA-BR-A4J2,TCGA-BR-A4J2-01Z-00-DX1.37D92442-6B00-4171-81E3-73A7FC6BBEF4.svs,70,STAD,0,14.16,1,BR
122,TCGA-BR-A4J4,TCGA-BR-A4J4-01Z-00-DX1.06376906-1008-433B-BD90-B5697B0BBEE3.svs,39,STAD,0,0.53,1,BR
123,TCGA-BR-A4J6,TCGA-BR-A4J6-01Z-00-DX1.59317146-9CAF-4F48-B9F6-D026B3603652.svs,69,STAD,1,0.66,1,BR
124,TCGA-BR-A4J8,TCGA-BR-A4J8-01Z-00-DX1.40FF4C05-E9BF-412B-93D7-5E0CDCDAC4B1.svs,71,STAD,1,13.5,1,BR
125,TCGA-BR-A4J9,TCGA-BR-A4J9-01Z-00-DX1.BF65A4F7-AB59-4488-A7C1-152C89BEA917.svs,55,STAD,0,0.46,1,BR
126,TCGA-BR-A4PD,TCGA-BR-A4PD-01Z-00-DX1.F89DB0AC-DED8-4941-80A8-0C7975571C3C.svs,72,STAD,1,20.63,1,BR
127,TCGA-BR-A4PE,TCGA-BR-A4PE-01Z-00-DX1.9C427636-8A7E-4D4E-9773-5C5D9D0C617C.svs,68,STAD,1,20.4,1,BR
128,TCGA-BR-A4PF,TCGA-BR-A4PF-01Z-00-DX1.43DBDE88-34C4-494B-9B47-473ED525149F.svs,72,STAD,0,1.15,1,BR
129,TCGA-BR-A4QI,TCGA-BR-A4QI-01Z-00-DX1.68312256-CBC5-4350-B4AD-A5990948BCB8.svs,70,STAD,1,21.42,0,BR
130,TCGA-BR-A4QL,TCGA-BR-A4QL-01Z-00-DX1.90F74AB9-6A84-487B-B992-BC66B71A4E1D.svs,75,STAD,1,16.13,0,BR
131,TCGA-BR-A4QM,TCGA-BR-A4QM-01Z-00-DX1.B6333EBE-31EF-4673-AB51-63439E631B8B.svs,65,STAD,0,5.12,1,BR
132,TCGA-CD-5799,TCGA-CD-5799-01Z-00-DX1.ce4c1cea-febc-4274-af53-e7853dcf8864.svs,45,STAD,0,13.01,1,CD
133,TCGA-CD-5800,TCGA-CD-5800-01Z-00-DX1.a384bb17-10bd-46af-bf64-442b3c6c0c05.svs,51,STAD,1,13.14,1,CD
134,TCGA-CD-5801,TCGA-CD-5801-01Z-00-DX1.2afa1c89-0f17-4f75-9cf0-2cde4aca97d0.svs,69,STAD,0,13.17,0,CD
135,TCGA-CD-5802,TCGA-CD-5802-01Z-00-DX1.d188b861-af3f-4493-9f12-d3712055644b.svs,58,STAD,0,13.34,1,CD
136,TCGA-CD-5803,TCGA-CD-5803-01Z-00-DX1.8d786276-18f5-4017-ba30-79e46b2da513.svs,78,STAD,1,11.2,0,CD
137,TCGA-CD-5804,TCGA-CD-5804-01Z-00-DX1.c5c22749-71dc-4812-84ba-2ef6f5a1463d.svs,90,STAD,0,0.0,1,CD
138,TCGA-CD-8524,TCGA-CD-8524-01Z-00-DX1.DECAC3E1-31F4-4D7E-9ABD-8E0CF27DB4B9.svs,61,STAD,1,12.75,1,CD
139,TCGA-CD-8526,TCGA-CD-8526-01Z-00-DX1.499C498B-2D4E-4285-AD07-162788E87579.svs,73,STAD,1,12.52,1,CD
140,TCGA-CD-8527,TCGA-CD-8527-01Z-00-DX1.B03F39C4-F5F3-419A-BC2C-437EC56EFEC2.svs,72,STAD,1,7.16,0,CD
141,TCGA-CD-8528,TCGA-CD-8528-01Z-00-DX1.DE29BA05-ABCB-44B4-8CD9-D10EB3D71FBB.svs,43,STAD,1,12.32,1,CD
142,TCGA-CD-8530,TCGA-CD-8530-01Z-00-DX1.87CBC202-AE6C-408D-A428-DA9023670C36.svs,51,STAD,0,12.39,1,CD
143,TCGA-CD-8531,TCGA-CD-8531-01Z-00-DX1.9F247853-F16C-4B5A-AB37-E781331EAB1B.svs,66,STAD,1,12.58,1,CD
144,TCGA-CD-8532,TCGA-CD-8532-01Z-00-DX1.13868263-2259-4D74-8263-A79338BDE5A7.svs,52,STAD,0,11.63,0,CD
145,TCGA-CD-8533,TCGA-CD-8533-01Z-00-DX1.0C5B7F8C-3AA6-4085-98E3-EC24BE650937.svs,48,STAD,0,15.37,1,CD
146,TCGA-CD-8534,TCGA-CD-8534-01Z-00-DX1.54F0CB0F-5A93-4382-A507-2DEFDBBE05F5.svs,41,STAD,0,12.06,1,CD
147,TCGA-CD-8535,TCGA-CD-8535-01Z-00-DX1.ADD3D8B1-FECB-46C1-940B-7D261723D850.svs,59,STAD,0,12.81,1,CD
148,TCGA-CD-8536,TCGA-CD-8536-01Z-00-DX1.365BF36B-69D3-491A-8126-D08060950CF2.svs,74,STAD,0,12.42,1,CD
149,TCGA-CD-A486,TCGA-CD-A486-01Z-00-DX1.6FFE81CA-9074-44BC-B619-85A73BA61A2D.svs,68,STAD,0,6.31,0,CD
150,TCGA-CD-A487,TCGA-CD-A487-01Z-00-DX1.A026BD2F-B721-4340-83D5-7AA39227C90F.svs,51,STAD,0,12.29,1,CD
151,TCGA-CD-A489,TCGA-CD-A489-01Z-00-DX1.AB03DA27-6A86-41C7-9305-E5400E6C47AC.svs,58,STAD,0,11.3,0,CD
152,TCGA-CD-A48A,TCGA-CD-A48A-01Z-00-DX1.C4416A6F-38A6-4743-990A-CE27923A2067.svs,57,STAD,0,12.42,1,CD
153,TCGA-CD-A48C,TCGA-CD-A48C-01Z-00-DX1.2AF2A65B-6F81-43F5-AC0F-06EAE3C567F3.svs,79,STAD,1,11.6,0,CD
154,TCGA-CD-A4MG,TCGA-CD-A4MG-01Z-00-DX1.CFC4618E-DFE9-4AAA-AD42-E1CC97374020.svs,76,STAD,0,6.57,0,CD
155,TCGA-CD-A4MH,TCGA-CD-A4MH-01Z-00-DX1.5594817C-6E68-4D29-8B77-5133C321FB75.svs,86,STAD,1,12.19,1,CD
156,TCGA-CD-A4MI,TCGA-CD-A4MI-01Z-00-DX1.67267177-498C-4835-A95A-FF8C2A9DDB97.svs,62,STAD,0,11.76,0,CD
157,TCGA-CD-A4MJ,TCGA-CD-A4MJ-01Z-00-DX1.0F0094F7-0D4D-484E-B31D-FDCDE8BC1440.svs,60,STAD,0,12.61,1,CD
158,TCGA-CG-4300,TCGA-CG-4300-01Z-00-DX1.3ad2eb8f-a266-441f-93d4-c45ec9c553d9.svs,79,STAD,0,20.01,0,CG
159,TCGA-CG-4301,TCGA-CG-4301-01Z-00-DX1.d3a38b46-9f9c-4ed4-a1c7-fc1e48263a53.svs,75,STAD,1,3.02,1,CG
160,TCGA-CG-4305,TCGA-CG-4305-01Z-00-DX1.65167641-c270-4763-8bb8-cadedb17279d.svs,69,STAD,0,15.93,1,CG
161,TCGA-CG-4306,TCGA-CG-4306-01Z-00-DX1.d4b89854-8529-4fb5-847a-ddb59b163727.svs,90,STAD,0,0.03,0,CG
162,TCGA-CG-4436,TCGA-CG-4436-01Z-00-DX1.55b155a9-066b-42cc-b834-b11c68256852.svs,57,STAD,0,7.98,1,CG
164,TCGA-CG-4438,TCGA-CG-4438-01Z-00-DX1.3691c587-cadf-4523-a332-5a18f52c94b0.svs,56,STAD,0,54.04,1,CG
165,TCGA-CG-4440,TCGA-CG-4440-01Z-00-DX1.297add71-f47a-47fa-b472-1a06cc9541ec.svs,68,STAD,1,4.01,0,CG
166,TCGA-CG-4441,TCGA-CG-4441-01Z-00-DX1.0e2867aa-9b2d-4539-b218-a1a318361dfc.svs,83,STAD,0,13.99,0,CG
167,TCGA-CG-4442,TCGA-CG-4442-01Z-00-DX1.3273280a-8780-4e91-bb5e-97d174989183.svs,85,STAD,0,0.0,1,CG
168,TCGA-CG-4443,TCGA-CG-4443-01Z-00-DX1.484defba-273b-4683-9c32-883f3da8ba5f.svs,68,STAD,0,29.96,1,CG
169,TCGA-CG-4444,TCGA-CG-4444-01Z-00-DX1.2f966933-a92c-4888-853c-2f8ca195120e.svs,76,STAD,0,47.01,1,CG
170,TCGA-CG-4460,TCGA-CG-4460-01Z-00-DX1.498845d6-e330-45d7-a5ac-153f2cf9b3c7.svs,66,STAD,1,21.98,0,CG
171,TCGA-CG-4462,TCGA-CG-4462-01Z-00-DX1.b83d328e-f315-493a-b625-1ca3136e5898.svs,72,STAD,1,0.0,0,CG
172,TCGA-CG-4465,TCGA-CG-4465-01Z-00-DX1.94a5e10c-2d21-4b3d-84d2-3b74d17ad088.svs,69,STAD,1,9.0,0,CG
173,TCGA-CG-4466,TCGA-CG-4466-01Z-00-DX1.cddbdb00-0856-471e-82f5-911e0416467e.svs,81,STAD,1,18.96,1,CG
174,TCGA-CG-4469,TCGA-CG-4469-01Z-00-DX1.005fafe8-ec9e-4283-95e4-f3cea0ac2365.svs,70,STAD,0,7.06,0,CG
175,TCGA-CG-4472,TCGA-CG-4472-01Z-00-DX1.776d5f0e-3a34-4de8-8d72-fd35ba59e235.svs,49,STAD,0,11.99,1,CG
176,TCGA-CG-4474,TCGA-CG-4474-01Z-00-DX1.b98d7365-75b1-4c90-80e0-fab8b354f411.svs,67,STAD,1,0.0,1,CG
177,TCGA-CG-4475,TCGA-CG-4475-01Z-00-DX1.7a6c4b16-baea-4820-b91e-c9b1c2945faf.svs,76,STAD,0,22.96,1,CG
178,TCGA-CG-4476,TCGA-CG-4476-01Z-00-DX1.04f422f3-317a-41a9-af82-3ff43d823b6f.svs,69,STAD,0,0.0,1,CG
179,TCGA-CG-4477,TCGA-CG-4477-01Z-00-DX1.298d0c11-7e95-4c72-8446-a2cd5a87667f.svs,58,STAD,1,30.95,1,CG
198,TCGA-D7-5577,TCGA-D7-5577-01Z-00-DX1.e9ca39a5-7c5c-4e43-ac89-8652f44b08bb.svs,53,STAD,1,25.69,0,D7
199,TCGA-D7-5577,TCGA-D7-5577-01Z-00-DX2.FFE2889A-1E01-4D57-9B81-671465A1FB21.svs,53,STAD,1,25.69,0,D7
200,TCGA-D7-5578,TCGA-D7-5578-01Z-00-DX2.715B0263-C855-4C4F-8A53-16B0CA9432C8.svs,80,STAD,0,12.65,1,D7
201,TCGA-D7-5578,TCGA-D7-5578-01Z-00-DX1.8216cb00-cc28-4872-aef7-3b9c18e16117.svs,80,STAD,0,12.65,1,D7
202,TCGA-D7-6518,TCGA-D7-6518-01Z-00-DX2.8CA8FC09-10AD-4931-861A-25CBCAE9D488.svs,75,STAD,0,19.12,1,D7
203,TCGA-D7-6518,TCGA-D7-6518-01Z-00-DX1.227f4361-7393-4276-801a-a395617a15e4.svs,75,STAD,0,19.12,1,D7
204,TCGA-D7-6519,TCGA-D7-6519-01Z-00-DX2.D42BA621-1099-4C4F-B691-B124F871A1CB.svs,64,STAD,1,20.53,1,D7
205,TCGA-D7-6519,TCGA-D7-6519-01Z-00-DX1.5f7dcb29-030f-4011-affe-47dab4b9da03.svs,64,STAD,1,20.53,1,D7
206,TCGA-D7-6520,TCGA-D7-6520-01Z-00-DX1.c65fcb6d-72c1-44dc-a056-f54c9130e0cb.svs,53,STAD,0,18.82,1,D7
207,TCGA-D7-6520,TCGA-D7-6520-01Z-00-DX2.60B9C76F-93F5-461E-84F5-C3A3734E5D3C.svs,53,STAD,0,18.82,1,D7
208,TCGA-D7-6521,TCGA-D7-6521-01Z-00-DX2.3742698F-7643-4A73-8524-A46EEFFCD761.svs,65,STAD,0,18.53,1,D7
209,TCGA-D7-6521,TCGA-D7-6521-01Z-00-DX1.928f6bc8-8283-4195-9cd7-6d6eb72bb68b.svs,65,STAD,0,18.53,1,D7
210,TCGA-D7-6522,TCGA-D7-6522-01Z-00-DX1.037aabb6-3546-44d4-991f-d7c5461b83f6.svs,58,STAD,0,18.59,1,D7
211,TCGA-D7-6522,TCGA-D7-6522-01Z-00-DX2.0CEA0837-BBD6-4C5F-87D6-DA93E1DEDDC3.svs,58,STAD,0,18.59,1,D7
212,TCGA-D7-6524,TCGA-D7-6524-01Z-00-DX1.ec1248f6-7d22-49c5-8300-673d25819e1d.svs,53,STAD,0,17.84,1,D7
213,TCGA-D7-6524,TCGA-D7-6524-01Z-00-DX2.6E8242FF-FAF3-4CAA-9CB2-CE0BC1D518C9.svs,53,STAD,0,17.84,1,D7
214,TCGA-D7-6525,TCGA-D7-6525-01Z-00-DX1.4c140df7-e1b6-4e10-bf13-0006484d6a4f.svs,58,STAD,0,13.34,0,D7
215,TCGA-D7-6525,TCGA-D7-6525-01Z-00-DX2.1784F199-7F06-45BB-892A-EFB9009275EB.svs,58,STAD,0,13.34,0,D7
216,TCGA-D7-6526,TCGA-D7-6526-01Z-00-DX1.d954acfe-8efc-4ab7-965b-edc8c3afdfc6.svs,67,STAD,1,17.18,1,D7
217,TCGA-D7-6526,TCGA-D7-6526-01Z-00-DX2.8846E328-5343-4A95-A77D-3827F443A989.svs,67,STAD,1,17.18,1,D7
218,TCGA-D7-6527,TCGA-D7-6527-01Z-00-DX1.3149a5ed-2ed0-4ce7-912b-e67bb1c33e8f.svs,62,STAD,0,10.25,0,D7
219,TCGA-D7-6527,TCGA-D7-6527-01Z-00-DX2.AC6B9D7B-E289-449C-934B-E15BD593CED4.svs,62,STAD,0,10.25,0,D7
220,TCGA-D7-6528,TCGA-D7-6528-01Z-00-DX1.3c2ec0f4-9b8f-45c5-920d-5afe55890219.svs,70,STAD,1,15.21,1,D7
221,TCGA-D7-6528,TCGA-D7-6528-01Z-00-DX2.8159A49E-A9A0-4AA8-83AA-96E49D1DB8C4.svs,70,STAD,1,15.21,1,D7
222,TCGA-D7-6815,TCGA-D7-6815-01Z-00-DX1.518E266F-0FF6-4768-85C6-19D77935A537.svs,70,STAD,1,15.97,1,D7
223,TCGA-D7-6817,TCGA-D7-6817-01Z-00-DX1.c1c7e7bb-2811-4034-8da8-af527377a711.svs,63,STAD,0,12.78,1,D7
224,TCGA-D7-6817,TCGA-D7-6817-01Z-00-DX2.725AB42B-1396-48E6-B37A-62955F72DD0F.svs,63,STAD,0,12.78,1,D7
225,TCGA-D7-6818,TCGA-D7-6818-01Z-00-DX1.c0709e0a-3e53-431b-a1e3-259ad84497f6.svs,53,STAD,0,12.35,0,D7
226,TCGA-D7-6818,TCGA-D7-6818-01Z-00-DX2.3D150EDC-0246-4CEA-8EFF-5811EA8ADA09.svs,53,STAD,0,12.35,0,D7
227,TCGA-D7-6820,TCGA-D7-6820-01Z-00-DX2.8847C420-5C25-4716-B467-1CD2687F4484.svs,64,STAD,0,11.3,1,D7
228,TCGA-D7-6820,TCGA-D7-6820-01Z-00-DX1.fe70ad91-42dc-470a-af2f-ba2e601084de.svs,64,STAD,0,11.3,1,D7
229,TCGA-D7-6822,TCGA-D7-6822-01Z-00-DX1.b583410e-fb5b-4a57-8215-eb7eeee3645d.svs,77,STAD,0,12.32,1,D7
230,TCGA-D7-6822,TCGA-D7-6822-01Z-00-DX2.4085F597-DD0C-4793-9586-CCC73382986B.svs,77,STAD,0,12.32,1,D7
231,TCGA-D7-8570,TCGA-D7-8570-01Z-00-DX1.0B435CEF-B653-4D10-B2BD-6F9576C94389.svs,44,STAD,0,24.7,1,D7
232,TCGA-D7-8570,TCGA-D7-8570-01Z-00-DX2.7447681C-7F88-43F4-BA7E-655DDA02ACDE.svs,44,STAD,0,24.7,1,D7
233,TCGA-D7-8572,TCGA-D7-8572-01Z-00-DX2.13383FD3-B864-4578-8832-56EA1916FA86.svs,57,STAD,0,16.79,1,D7
234,TCGA-D7-8572,TCGA-D7-8572-01Z-00-DX1.E7F9367F-14C4-4561-934D-AE7A778CD13C.svs,57,STAD,0,16.79,1,D7
235,TCGA-D7-8573,TCGA-D7-8573-01Z-00-DX2.703306C5-7D46-4E3C-833F-22D1FEF7C6F6.svs,57,STAD,0,19.48,1,D7
236,TCGA-D7-8573,TCGA-D7-8573-01Z-00-DX1.8A579441-BC90-4CAB-8199-15580DA5ED87.svs,57,STAD,0,19.48,1,D7
237,TCGA-D7-8574,TCGA-D7-8574-01Z-00-DX1.72155AB8-7B77-46D1-85B0-EACABCD25EF2.svs,72,STAD,0,17.18,1,D7
238,TCGA-D7-8574,TCGA-D7-8574-01Z-00-DX2.0824C6C7-B086-4D9B-94B4-FC1A49805700.svs,72,STAD,0,17.18,1,D7
239,TCGA-D7-8575,TCGA-D7-8575-01Z-00-DX2.7505FB70-2931-459B-B23A-4D24B080E383.svs,75,STAD,0,18.2,0,D7
240,TCGA-D7-8575,TCGA-D7-8575-01Z-00-DX1.11006AF4-D0CD-46DF-909A-29E345191C4C.svs,75,STAD,0,18.2,0,D7
241,TCGA-D7-8576,TCGA-D7-8576-01Z-00-DX2.2535E27E-C1AC-4008-B48F-083B6F53AF03.svs,54,STAD,1,14.65,0,D7
242,TCGA-D7-8576,TCGA-D7-8576-01Z-00-DX1.102C35FC-8CA4-471A-86E9-5C5526178928.svs,54,STAD,1,14.65,0,D7
243,TCGA-D7-8578,TCGA-D7-8578-01Z-00-DX1.902BBFC1-2456-4718-9A5E-2FD9AE47AF44.svs,72,STAD,0,21.12,1,D7
244,TCGA-D7-8578,TCGA-D7-8578-01Z-00-DX2.D71657BE-72D0-4EEC-89D3-E83934A0F919.svs,72,STAD,0,21.12,1,D7
245,TCGA-D7-8579,TCGA-D7-8579-01Z-00-DX2.9D40DCA2-2711-426C-B5DD-3D897975F4BF.svs,66,STAD,1,20.89,1,D7
246,TCGA-D7-8579,TCGA-D7-8579-01Z-00-DX1.BFA005CC-E2B4-4A36-9C84-5F51F0526856.svs,66,STAD,1,20.89,1,D7
247,TCGA-D7-A4YT,TCGA-D7-A4YT-01Z-00-DX1.645AF39D-1B70-4C46-AB80-7B532994EE66.svs,56,STAD,0,14.26,1,D7
248,TCGA-D7-A4YU,TCGA-D7-A4YU-01Z-00-DX1.42DF1586-BD02-4482-AEAF-8F2C1BBB1C20.svs,73,STAD,0,16.43,1,D7
249,TCGA-D7-A4YV,TCGA-D7-A4YV-01Z-00-DX1.55DFBF47-1A3B-428F-9AC4-8814F557FF1E.svs,69,STAD,1,5.91,0,D7
250,TCGA-D7-A4YX,TCGA-D7-A4YX-01Z-00-DX1.54DE426E-7EC0-4FF4-919F-045E38B3C34E.svs,63,STAD,0,36.4,1,D7
251,TCGA-D7-A4YY,TCGA-D7-A4YY-01Z-00-DX1.D1623D77-0BBA-4CB6-97DC-382BE136A583.svs,61,STAD,0,13.76,1,D7
252,TCGA-D7-A6ET,TCGA-D7-A6ET-01Z-00-DX1.A4FF5141-6B2A-456B-9EA2-E5DE72156647.svs,76,STAD,0,26.41,1,D7
253,TCGA-D7-A6EV,TCGA-D7-A6EV-01Z-00-DX1.98BA866B-19A6-4ECF-B51E-F811F5EFA8CC.svs,71,STAD,1,11.24,1,D7
254,TCGA-D7-A6EX,TCGA-D7-A6EX-01Z-00-DX1.03BECFB9-A4B2-4B43-99F7-C49850796F31.svs,72,STAD,1,11.3,1,D7
255,TCGA-D7-A6EY,TCGA-D7-A6EY-01Z-00-DX1.7E101F3B-8923-4554-AA48-C2493D0F46C0.svs,72,STAD,1,11.43,0,D7
256,TCGA-D7-A6EZ,TCGA-D7-A6EZ-01Z-00-DX1.BF91B810-86FD-4675-85A0-15DC9CF2195F.svs,66,STAD,0,20.3,0,D7
257,TCGA-D7-A6F0,TCGA-D7-A6F0-01Z-00-DX1.C75CE666-2AA5-433C-BDA4-795B9A6FE8C3.svs,79,STAD,1,22.27,1,D7
258,TCGA-D7-A6F2,TCGA-D7-A6F2-01Z-00-DX1.31D8B3CD-7F63-474F-9B1B-E884C4CA9C61.svs,62,STAD,0,15.64,1,D7
259,TCGA-D7-A747,TCGA-D7-A747-01Z-00-DX1.A6BA5DAF-6220-4D85-B6DF-C0220FBA7170.svs,57,STAD,0,8.38,0,D7
260,TCGA-D7-A748,TCGA-D7-A748-01Z-00-DX1.CB8D633A-4CF0-4CA8-A8FF-7E8D3A3C7E20.svs,41,STAD,1,4.34,0,D7
261,TCGA-D7-A74A,TCGA-D7-A74A-01Z-00-DX1.ED9A8AA2-7D69-462C-8544-587783F15DB5.svs,61,STAD,1,19.94,1,D7
262,TCGA-D7-A74B,TCGA-D7-A74B-01Z-00-DX1.F7A13A7F-2812-43D9-A101-E1BFEA8B3454.svs,52,STAD,1,7.13,0,D7
263,TCGA-EQ-5647,TCGA-EQ-5647-01Z-00-DX1.e71da6e6-dd3d-4fb3-b1ba-ada25e6319bb.svs,86,STAD,1,0.62,0,EQ
264,TCGA-EQ-A4SO,TCGA-EQ-A4SO-01Z-00-DX1.9A41602A-AAAE-4522-9DAB-73CF25FB8756.svs,70,STAD,0,16.23,1,EQ
265,TCGA-F1-6177,TCGA-F1-6177-01Z-00-DX1.7687CABE-8984-4396-882C-978C15F66401.svs,90,STAD,0,0.0,0,F1
266,TCGA-F1-6874,TCGA-F1-6874-01Z-00-DX1.3dfb0e10-3650-4c05-a27b-866fb6a304ff.svs,79,STAD,0,14.45,1,F1
267,TCGA-F1-6875,TCGA-F1-6875-01Z-00-DX1.F9E009FF-3213-4CCC-9075-C04B1E62A524.svs,79,STAD,0,72.17,0,F1
268,TCGA-F1-A72C,TCGA-F1-A72C-01Z-00-DX1.9E02D497-97BD-401C-AFA1-AC2CFE3E8592.svs,68,STAD,0,11.37,1,F1
269,TCGA-FP-7735,TCGA-FP-7735-01Z-00-DX1.97aac46a-898e-4c43-8c93-1496f40c43ed.svs,77,STAD,0,3.48,0,FP
270,TCGA-FP-7916,TCGA-FP-7916-01Z-00-DX1.6264d8c6-0ddb-4905-ad0c-146e380ddee1.svs,77,STAD,0,14.06,0,FP
271,TCGA-FP-7998,TCGA-FP-7998-01Z-00-DX1.9f24585a-d609-4094-8170-b0f483606a18.svs,77,STAD,0,22.27,1,FP
272,TCGA-FP-8099,TCGA-FP-8099-01Z-00-DX1.82948449-f540-49f2-a99a-d66da5eaaf4e.svs,79,STAD,0,17.05,1,FP
273,TCGA-FP-8209,TCGA-FP-8209-01Z-00-DX1.a5e13081-1631-44d4-8d6a-c229a22c2311.svs,49,STAD,0,59.49,0,FP
274,TCGA-FP-8210,TCGA-FP-8210-01Z-00-DX1.0ef0fd3f-5968-48ce-9e69-eaae83c29004.svs,48,STAD,0,5.03,0,FP
275,TCGA-FP-8211,TCGA-FP-8211-01Z-00-DX1.3906261e-914c-4191-802c-f27f64840211.svs,62,STAD,0,13.57,1,FP
276,TCGA-FP-8631,TCGA-FP-8631-01Z-00-DX1.8804336F-7DE6-4401-80B4-AEFA752C11B2.svs,68,STAD,0,0.56,1,FP
277,TCGA-FP-A4BE,TCGA-FP-A4BE-01Z-00-DX1.813B0887-ED1F-48DD-A2E2-F14EB20D1F71.svs,55,STAD,0,11.07,1,FP
278,TCGA-FP-A9TM,TCGA-FP-A9TM-01Z-00-DX1.1BD7C378-9FDD-46F0-B546-BB255079AFAA.svs,77,STAD,0,6.21,1,FP
279,TCGA-HU-8238,TCGA-HU-8238-01Z-00-DX1.AF6FFDFA-85F6-4E1A-AE1B-84A8BF8F12D2.svs,56,STAD,0,1.51,1,HU
280,TCGA-HU-8244,TCGA-HU-8244-01Z-00-DX1.EF15C805-A823-46EA-B737-2EC4A8C5C278.svs,77,STAD,1,24.38,1,HU
281,TCGA-HU-8245,TCGA-HU-8245-01Z-00-DX1.A744EA82-996C-4042-9CF6-27480217DBAF.svs,72,STAD,0,18.13,1,HU
282,TCGA-HU-8249,TCGA-HU-8249-01Z-00-DX1.6579F0D5-6A05-49A3-9B30-68059599EADE.svs,76,STAD,0,28.94,1,HU
283,TCGA-HU-8604,TCGA-HU-8604-01Z-00-DX1.F358D894-D9C4-49BF-8B9F-F80DA11BBC5A.svs,82,STAD,1,22.8,1,HU
284,TCGA-HU-8608,TCGA-HU-8608-01Z-00-DX1.F40770A6-9384-4381-B6AD-2C488915E73F.svs,70,STAD,0,21.06,1,HU
285,TCGA-HU-8610,TCGA-HU-8610-01Z-00-DX1.4F873939-3950-4201-B5DE-20A04A6C9F0D.svs,75,STAD,0,0.76,1,HU
286,TCGA-HU-A4G2,TCGA-HU-A4G2-01Z-00-DX1.3465DA31-CB55-4D7D-9897-34D2AD5497CB.svs,45,STAD,0,24.28,1,HU
287,TCGA-HU-A4G3,TCGA-HU-A4G3-01Z-00-DX1.5D4EB0C7-8E14-41DC-AFF7-ECD43A89139B.svs,54,STAD,0,5.58,1,HU
288,TCGA-HU-A4G6,TCGA-HU-A4G6-01Z-00-DX1.83F4504C-B632-4B15-9978-A007C2118563.svs,74,STAD,0,24.24,1,HU
289,TCGA-HU-A4G8,TCGA-HU-A4G8-01Z-00-DX1.EE169E90-3A32-4210-95EF-0B94083112EC.svs,71,STAD,1,22.67,1,HU
290,TCGA-HU-A4G9,TCGA-HU-A4G9-01Z-00-DX1.806F4C5A-D2F8-4457-B6F9-99B67105C676.svs,67,STAD,1,24.18,1,HU
291,TCGA-HU-A4GC,TCGA-HU-A4GC-01Z-00-DX1.A4B077E3-E5D0-4120-9C72-87BDACF9AC14.svs,74,STAD,0,3.25,1,HU
292,TCGA-HU-A4GD,TCGA-HU-A4GD-01Z-00-DX1.7CF261C2-D7FE-4D42-BC4B-BC86B7A802DB.svs,56,STAD,0,22.73,1,HU
293,TCGA-HU-A4GF,TCGA-HU-A4GF-01Z-00-DX1.2754343C-7875-42C4-B4E3-D2B8666B1E47.svs,69,STAD,0,25.79,1,HU
294,TCGA-HU-A4GH,TCGA-HU-A4GH-01Z-00-DX1.0BACDE08-5613-428E-BDBE-F2D0D80FD0E4.svs,75,STAD,0,11.76,1,HU
295,TCGA-HU-A4GJ,TCGA-HU-A4GJ-01Z-00-DX1.31E71066-5B7B-4866-97A0-0B7B03E6B4B6.svs,60,STAD,1,21.35,1,HU
296,TCGA-HU-A4GN,TCGA-HU-A4GN-01Z-00-DX1.32C8DEA0-3B31-42D7-B3FA-D86DF06F7BC3.svs,61,STAD,0,29.96,1,HU
297,TCGA-HU-A4GP,TCGA-HU-A4GP-01Z-00-DX1.2028C25D-2547-4CF3-9863-DEA1DCBD0DE8.svs,62,STAD,1,8.97,1,HU
298,TCGA-HU-A4GQ,TCGA-HU-A4GQ-01Z-00-DX1.699A0E57-FE02-4329-9826-3EFC2DECD408.svs,71,STAD,0,0.1,0,HU
299,TCGA-HU-A4GT,TCGA-HU-A4GT-01Z-00-DX1.F4DD9EAC-8CB8-430A-BF7B-1D43C17FEF61.svs,71,STAD,1,6.5,1,HU
300,TCGA-HU-A4GU,TCGA-HU-A4GU-01Z-00-DX1.3D4767B4-DDCB-4D80-A810-144427E73EDE.svs,73,STAD,0,6.57,1,HU
301,TCGA-HU-A4GX,TCGA-HU-A4GX-01Z-00-DX1.0F1A15D3-2C6A-4F16-8D9D-CF44179AB161.svs,70,STAD,1,20.24,1,HU
302,TCGA-HU-A4GY,TCGA-HU-A4GY-01Z-00-DX1.79A487FD-BA95-4051-8E4B-BE1502946F4F.svs,76,STAD,1,0.26,1,HU
303,TCGA-HU-A4H0,TCGA-HU-A4H0-01Z-00-DX1.85BE7D40-ECB6-4450-B7B0-C65BE5495784.svs,72,STAD,0,2.1,1,HU
304,TCGA-HU-A4H5,TCGA-HU-A4H5-01Z-00-DX1.3A56E0D3-7813-4708-9A69-37D141533C2A.svs,71,STAD,0,23.78,1,HU
305,TCGA-HU-A4H6,TCGA-HU-A4H6-01Z-00-DX1.0DD51B66-A983-44F4-9753-03ED9C606E77.svs,72,STAD,1,21.16,1,HU
306,TCGA-HU-A4HB,TCGA-HU-A4HB-01Z-00-DX1.445FEB47-B91A-4186-BBE0-01FB7AA6A72F.svs,68,STAD,0,15.67,0,HU
307,TCGA-HU-A4HD,TCGA-HU-A4HD-01Z-00-DX1.A6BA5209-C593-4B87-ADD0-65E05072294B.svs,73,STAD,0,33.38,1,HU
308,TCGA-IN-7806,TCGA-IN-7806-01Z-00-DX1.2e7288fd-e149-4d4f-9d63-dd2e2f91d4f8.svs,50,STAD,0,36.33,1,IN
309,TCGA-IN-7808,TCGA-IN-7808-01Z-00-DX1.0aacd7e2-1454-4aa4-866b-b142fa04e619.svs,59,STAD,0,3.45,0,IN
310,TCGA-IN-8663,TCGA-IN-8663-01Z-00-DX1.39719DC6-1441-4E0F-BB5E-656CCDAC13D5.svs,68,STAD,0,3.38,0,IN
311,TCGA-KB-A6F5,TCGA-KB-A6F5-01Z-00-DX1.7EBE81C7-178C-41EB-8DFA-27770A9DF630.svs,73,STAD,0,5.55,1,KB
312,TCGA-KB-A6F7,TCGA-KB-A6F7-01Z-00-DX1.9F7267C3-B50D-4366-9050-DE8E0EB708EA.svs,54,STAD,1,63.57,1,KB
313,TCGA-KB-A93H,TCGA-KB-A93H-01Z-00-DX1.6DDC5002-539A-4F47-BB74-524C3FFBB700.svs,79,STAD,1,37.61,1,KB
314,TCGA-KB-A93J,TCGA-KB-A93J-01Z-00-DX1.CF87A80C-609E-4064-9C59-BD2A211A886A.svs,78,STAD,0,36.93,1,KB
315,TCGA-MX-A5UG,TCGA-MX-A5UG-01Z-00-DX1.DEA1C553-B7E9-4663-A02B-51C31411C7C3.svs,78,STAD,0,3.71,0,MX
316,TCGA-MX-A5UJ,TCGA-MX-A5UJ-01Z-00-DX1.936F7641-740B-4246-BB2D-C8443501CF50.svs,86,STAD,1,19.71,1,MX
317,TCGA-MX-A663,TCGA-MX-A663-01Z-00-DX1.EBDF2119-63E3-4DA5-B661-440A461904BE.svs,66,STAD,0,9.86,0,MX
318,TCGA-MX-A666,TCGA-MX-A666-01Z-00-DX1.BBF0F62A-803E-4D05-A8A4-454D7BA15941.svs,61,STAD,0,14.03,1,MX
319,TCGA-R5-A7O7,TCGA-R5-A7O7-01Z-00-DX1.89156AC0-4A5F-481D-9D5A-76B3751585F7.svs,51,STAD,0,45.63,1,R5
320,TCGA-R5-A7ZE,TCGA-R5-A7ZE-01Z-00-DX1.0E7DCE3F-E2A1-4F98-BEBF-E08DF2BF2FF3.svs,66,STAD,1,18.2,0,R5
321,TCGA-R5-A7ZF,TCGA-R5-A7ZF-01Z-00-DX1.F08C5EC7-7292-4FD6-92FF-73192329C2B5.svs,65,STAD,1,8.51,0,R5
322,TCGA-R5-A7ZI,TCGA-R5-A7ZI-01Z-00-DX1.3A4A56F1-1CFD-441D-85F3-52DDA0B346A5.svs,44,STAD,1,74.47,1,R5
323,TCGA-R5-A7ZR,TCGA-R5-A7ZR-01Z-00-DX1.3E6B0708-D1AF-422F-B7F8-BBCCCEEE89B7.svs,70,STAD,1,6.08,0,R5
324,TCGA-R5-A804,TCGA-R5-A804-01Z-00-DX1.D1DDC2EE-C3ED-4502-B1C1-71D5585E9470.svs,54,STAD,0,4.6,0,R5
325,TCGA-R5-A805,TCGA-R5-A805-01Z-00-DX1.855298CD-DC64-4423-ABB1-D7AC92BF5177.svs,71,STAD,0,9.23,0,R5
326,TCGA-RD-A7BS,TCGA-RD-A7BS-01Z-00-DX1.F236D43D-0072-47C7-A4D5-6928932D4C9F.svs,46,STAD,0,11.04,0,RD
327,TCGA-RD-A7BT,TCGA-RD-A7BT-01Z-00-DX1.1B0308B0-27EA-43A7-BE89-C5F7831AF243.svs,66,STAD,0,8.61,0,RD
328,TCGA-RD-A7BW,TCGA-RD-A7BW-01Z-00-DX1.C8C51F10-BD65-44AC-BC95-4ED8D017D908.svs,68,STAD,1,5.12,0,RD
329,TCGA-RD-A7C1,TCGA-RD-A7C1-01Z-00-DX1.217B7632-39AC-41E1-8491-20C700B08AEC.svs,82,STAD,0,16.66,0,RD
330,TCGA-RD-A8MV,TCGA-RD-A8MV-01Z-00-DX1.E658A7D1-8A6A-4BE9-9C89-07B60E9F8983.svs,56,STAD,0,122.21,1,RD
331,TCGA-RD-A8MW,TCGA-RD-A8MW-01Z-00-DX1.30EE6F24-3983-4793-9EF6-059B9AF53F24.svs,72,STAD,0,37.88,0,RD
332,TCGA-RD-A8N0,TCGA-RD-A8N0-01Z-00-DX1.4C91480F-E7D8-4E37-B528-F5E272F2F8CA.svs,53,STAD,1,40.6,1,RD
333,TCGA-RD-A8N1,TCGA-RD-A8N1-01Z-00-DX1.A5D023FB-CBF8-477C-B5D1-8281BAA25E2E.svs,70,STAD,0,115.6,1,RD
334,TCGA-RD-A8N2,TCGA-RD-A8N2-01Z-00-DX1.A56448E6-1C5E-4758-AC2E-4591A406116C.svs,59,STAD,1,116.29,1,RD
335,TCGA-RD-A8N4,TCGA-RD-A8N4-01Z-00-DX1.03EBE393-9145-4F25-AA4C-E637B6A2A111.svs,58,STAD,1,71.32,1,RD
336,TCGA-RD-A8N6,TCGA-RD-A8N6-01Z-00-DX1.E51FADB4-1A2E-415D-9C91-F81705311147.svs,78,STAD,1,8.94,0,RD
337,TCGA-RD-A8N9,TCGA-RD-A8N9-01Z-00-DX1.70899C63-3C5D-4993-8215-F7452ADE134D.svs,63,STAD,1,35.58,1,RD
338,TCGA-RD-A8NB,TCGA-RD-A8NB-01Z-00-DX1.FA45D4EF-D5FA-407A-9BF1-44C2A6326F3A.svs,80,STAD,1,16.85,0,RD
339,TCGA-VQ-A8DL,TCGA-VQ-A8DL-01Z-00-DX1.E720AE39-654E-4587-A294-2ED2BCE6F043.svs,69,STAD,1,0.92,0,VQ
340,TCGA-VQ-A8DT,TCGA-VQ-A8DT-01Z-00-DX1.C87953F7-A303-410E-9554-2022A79AF6CC.svs,43,STAD,0,48.75,1,VQ
341,TCGA-VQ-A8DU,TCGA-VQ-A8DU-01Z-00-DX1.12DD8768-1315-472E-801D-F44A418BEA41.svs,63,STAD,0,5.45,0,VQ
342,TCGA-VQ-A8DV,TCGA-VQ-A8DV-01Z-00-DX1.DB668CCB-E5C9-49D8-9F0B-2548AA1C3E69.svs,48,STAD,0,13.24,0,VQ
343,TCGA-VQ-A8E0,TCGA-VQ-A8E0-01Z-00-DX1.81F45F4C-5D39-4C76-9888-064D53C9A80D.svs,68,STAD,0,18.46,0,VQ
344,TCGA-VQ-A8E2,TCGA-VQ-A8E2-01Z-00-DX1.6B105EA8-4AF5-4CE0-B5B9-46332130B037.svs,57,STAD,0,43.33,1,VQ
345,TCGA-VQ-A8E3,TCGA-VQ-A8E3-01Z-00-DX1.2CEA9979-EC34-48E2-A092-55757506490A.svs,79,STAD,0,21.71,0,VQ
346,TCGA-VQ-A8E7,TCGA-VQ-A8E7-01Z-00-DX1.30F18F35-5E77-429B-9840-27E60F5129B8.svs,59,STAD,0,37.39,1,VQ
347,TCGA-VQ-A8P3,TCGA-VQ-A8P3-01Z-00-DX1.1B018BDB-5C60-46D8-A014-CE8CA8ADA191.svs,72,STAD,0,37.19,1,VQ
348,TCGA-VQ-A8P5,TCGA-VQ-A8P5-01Z-00-DX1.F3FDCB47-3426-400C-82A9-750012F95B3B.svs,67,STAD,0,7.72,0,VQ
349,TCGA-VQ-A8P8,TCGA-VQ-A8P8-01Z-00-DX1.85D05076-70BE-46A6-B866-94846CD22670.svs,72,STAD,1,30.95,1,VQ
350,TCGA-VQ-A8PB,TCGA-VQ-A8PB-01Z-00-DX1.FAB74FD6-C7AB-422F-ACA9-2DB0ACEC23E5.svs,65,STAD,1,34.26,0,VQ
351,TCGA-VQ-A8PD,TCGA-VQ-A8PD-01Z-00-DX1.A9B601CB-83AA-4F0C-BB6D-DD88455FDEE9.svs,69,STAD,0,16.29,0,VQ
352,TCGA-VQ-A8PE,TCGA-VQ-A8PE-01Z-00-DX1.94480121-9AB9-490F-8E7F-77260C6DE0D5.svs,78,STAD,0,22.17,0,VQ
353,TCGA-VQ-A8PF,TCGA-VQ-A8PF-01Z-00-DX1.D0353D95-5F56-4D33-B3DA-08AF9574334D.svs,76,STAD,0,2.5,0,VQ
354,TCGA-VQ-A8PH,TCGA-VQ-A8PH-01Z-00-DX1.79A66B42-B6CF-49F9-9204-DC21A57DAFF6.svs,62,STAD,0,12.78,0,VQ
355,TCGA-VQ-A8PJ,TCGA-VQ-A8PJ-01Z-00-DX1.19F00379-C001-49D2-9B22-6AE0791C8488.svs,53,STAD,0,2.69,0,VQ
356,TCGA-VQ-A8PK,TCGA-VQ-A8PK-01Z-00-DX1.A13BCC99-05AC-4FEC-8BA8-0EDC92EAE02B.svs,58,STAD,0,17.84,0,VQ
357,TCGA-VQ-A8PP,TCGA-VQ-A8PP-01Z-00-DX1.46FE6CC6-A47C-47D3-B21B-A17CF1DDAC76.svs,76,STAD,0,23.39,0,VQ
358,TCGA-VQ-A8PQ,TCGA-VQ-A8PQ-01Z-00-DX1.D63AEF37-BAB9-4BFC-9F7E-33509A227B71.svs,50,STAD,1,15.64,0,VQ
359,TCGA-VQ-A8PS,TCGA-VQ-A8PS-01Z-00-DX1.E93B2855-6350-4037-8C41-E781D887C790.svs,76,STAD,0,13.34,0,VQ
360,TCGA-VQ-A8PT,TCGA-VQ-A8PT-01Z-00-DX1.7A0E6C8F-E0D2-49AC-9C03-3C9B34EB0AE8.svs,65,STAD,0,29.57,1,VQ
361,TCGA-VQ-A8PU,TCGA-VQ-A8PU-01Z-00-DX1.8E355321-0F03-4EEF-80B1-9677982C9D2F.svs,72,STAD,1,27.33,0,VQ
362,TCGA-VQ-A8PX,TCGA-VQ-A8PX-01Z-00-DX1.A1886D51-DC33-4B5A-9C71-56E281F13F52.svs,51,STAD,0,64.52,1,VQ
363,TCGA-VQ-A8PY,TCGA-VQ-A8PY-01Z-00-DX1.EA2C7386-012A-442A-95B3-FFA12BD2684D.svs,47,STAD,1,14.32,0,VQ
364,TCGA-VQ-A91D,TCGA-VQ-A91D-01Z-00-DX1.B7E99494-FA16-42B5-AC1C-1498A7989111.svs,70,STAD,0,11.7,0,VQ
365,TCGA-VQ-A91E,TCGA-VQ-A91E-01Z-00-DX1.BF3BA276-5A18-4B45-881D-4523C42B5AD8.svs,67,STAD,1,21.81,1,VQ
366,TCGA-VQ-A91K,TCGA-VQ-A91K-01Z-00-DX1.42AFBDC4-809A-4245-8550-DE9B9A11F09F.svs,69,STAD,0,61.17,1,VQ
367,TCGA-VQ-A91N,TCGA-VQ-A91N-01Z-00-DX1.4F7CF3DD-8AAA-43DE-98C1-E44B2B5FB019.svs,59,STAD,1,18.73,0,VQ
368,TCGA-VQ-A91Q,TCGA-VQ-A91Q-01Z-00-DX1.9928DA7E-B36D-4E5E-8F0F-BD41DA588DB9.svs,61,STAD,0,20.8,0,VQ
369,TCGA-VQ-A91S,TCGA-VQ-A91S-01Z-00-DX1.11BCF3BE-4C79-4F6F-92B5-2C45190DBD86.svs,63,STAD,0,32.85,1,VQ
370,TCGA-VQ-A91U,TCGA-VQ-A91U-01Z-00-DX1.84D19359-4AC3-4C7A-BC5B-7B63173ABB60.svs,78,STAD,0,1.71,0,VQ
371,TCGA-VQ-A91V,TCGA-VQ-A91V-01Z-00-DX1.E271D33E-3E57-445D-8373-2386B56FE9A9.svs,58,STAD,0,42.61,1,VQ
372,TCGA-VQ-A91W,TCGA-VQ-A91W-01Z-00-DX1.E4878B45-586E-46F7-8113-8080149AC45D.svs,30,STAD,0,60.81,1,VQ
373,TCGA-VQ-A91X,TCGA-VQ-A91X-01Z-00-DX1.8D0815BF-2430-4471-881E-1E12357ACEA4.svs,74,STAD,0,9.49,0,VQ
374,TCGA-VQ-A91Y,TCGA-VQ-A91Y-01Z-00-DX1.9401E1F3-4110-4F1E-99A0-36D4E1518650.svs,67,STAD,0,9.72,0,VQ
375,TCGA-VQ-A91Z,TCGA-VQ-A91Z-01Z-00-DX1.14F618B5-D177-4129-A7C1-99373536DE45.svs,67,STAD,1,55.52,1,VQ
376,TCGA-VQ-A922,TCGA-VQ-A922-01Z-00-DX1.445608A5-D4F1-44AB-8642-3C944D753D87.svs,70,STAD,0,9.03,0,VQ
377,TCGA-VQ-A923,TCGA-VQ-A923-01Z-00-DX1.86FE7ABA-9C93-4637-A71F-F3EBA2BB4BDF.svs,90,STAD,0,0.0,0,VQ
378,TCGA-VQ-A924,TCGA-VQ-A924-01Z-00-DX1.736B41F3-9678-4FAF-AE86-FCAC4F6DCBD3.svs,69,STAD,0,55.39,0,VQ
379,TCGA-VQ-A925,TCGA-VQ-A925-01Z-00-DX1.D9AB5ADD-B946-4994-A3F2-646888C69E0D.svs,66,STAD,0,4.53,0,VQ
380,TCGA-VQ-A927,TCGA-VQ-A927-01Z-00-DX1.F4ACCDED-FBF5-4900-B000-638B3015EBFA.svs,81,STAD,0,6.57,0,VQ
381,TCGA-VQ-A928,TCGA-VQ-A928-01Z-00-DX1.633B64F3-2F87-4C76-ABC4-4E03D04AF9EC.svs,49,STAD,0,5.72,0,VQ
382,TCGA-VQ-A92D,TCGA-VQ-A92D-01Z-00-DX1.13EF7944-C276-4A3B-B9B3-7DC65A82AD60.svs,67,STAD,0,66.75,1,VQ
383,TCGA-VQ-A94O,TCGA-VQ-A94O-01Z-00-DX1.83040E68-904F-4F7E-B4E1-34C860098228.svs,74,STAD,0,21.02,0,VQ
384,TCGA-VQ-A94R,TCGA-VQ-A94R-01Z-00-DX1.4F2367B3-6759-469C-90E5-0660102E86A6.svs,63,STAD,0,42.51,0,VQ
385,TCGA-VQ-A94T,TCGA-VQ-A94T-01Z-00-DX1.DEFEFBD0-CE26-4F75-B9C4-F55344A7CAA8.svs,73,STAD,0,11.24,0,VQ
386,TCGA-VQ-AA64,TCGA-VQ-AA64-01Z-00-DX1.90641552-B556-4020-AA11-21E754BD5891.svs,68,STAD,0,18.4,0,VQ
387,TCGA-VQ-AA68,TCGA-VQ-AA68-01Z-00-DX1.CF6FBB15-5887-4406-946A-AF93918EC318.svs,52,STAD,1,43.63,1,VQ
388,TCGA-VQ-AA69,TCGA-VQ-AA69-01Z-00-DX1.1EEF2AD7-6470-44B5-9E87-E77AE47262F0.svs,35,STAD,0,28.38,1,VQ
389,TCGA-VQ-AA6A,TCGA-VQ-AA6A-01Z-00-DX1.52D958F4-34B3-43F1-9DAC-960E69C958CA.svs,56,STAD,0,38.9,1,VQ
390,TCGA-VQ-AA6B,TCGA-VQ-AA6B-01Z-00-DX1.C6CB7290-4A83-4963-8840-68BC208D1232.svs,48,STAD,0,32.92,1,VQ
391,TCGA-VQ-AA6D,TCGA-VQ-AA6D-01Z-00-DX1.C1D51961-84D7-4AA6-9645-60120B105A68.svs,52,STAD,1,17.12,1,VQ
392,TCGA-VQ-AA6F,TCGA-VQ-AA6F-01Z-00-DX1.EA90F7CF-FE3F-4FED-A8E0-C83FEE96F4CA.svs,57,STAD,0,54.07,1,VQ
393,TCGA-VQ-AA6G,TCGA-VQ-AA6G-01Z-00-DX1.3BDB7578-931A-47DB-933F-C7CA7CD50EDE.svs,68,STAD,0,26.02,0,VQ
394,TCGA-VQ-AA6I,TCGA-VQ-AA6I-01Z-00-DX1.B11762F9-1DA7-4140-8F45-2B372B497379.svs,68,STAD,0,16.13,0,VQ
395,TCGA-VQ-AA6J,TCGA-VQ-AA6J-01Z-00-DX1.212AF324-26E9-4807-A64B-6325D6E94507.svs,75,STAD,0,27.53,1,VQ
396,TCGA-ZA-A8F6,TCGA-ZA-A8F6-01Z-00-DX1.89510833-5BC8-4983-817E-0E9244824168.svs,71,STAD,0,17.25,1,ZA
397,TCGA-ZQ-A9CR,TCGA-ZQ-A9CR-01Z-00-DX1.C9AC9991-7054-4068-A7AA-9D1EB7F040A3.svs,79,STAD,1,0.79,0,ZQ
