,case_id,slide_id,age,oncotree_code,is_female,survival_months,censorship,site
0,TCGA-3L-AA1B,TCGA-3L-AA1B-01Z-00-DX2.17CE3683-F4B1-4978-A281-8F620C4D77B4.svs,61,COAD,1,15.6,1,3L
1,TCGA-3L-AA1B,TCGA-3L-AA1B-01Z-00-DX1.8923A151-A690-40B7-9E5A-FCBEDFC2394F.svs,61,COAD,1,15.6,1,3L
2,TCGA-4N-A93T,TCGA-4N-A93T-01Z-00-DX1.82E240B1-22C3-46E3-891F-0DCE35C43F8B.svs,67,COAD,0,4.8,1,4N
3,TCGA-4N-A93T,TCGA-4N-A93T-01Z-00-DX2.875E7F95-A6D4-4BEB-A331-F9D8080898C2.svs,67,COAD,0,4.8,1,4N
4,TCGA-4T-AA8H,TCGA-4T-AA8H-01Z-00-DX1.A46C759C-74A2-4724-B6B5-DECA0D16E029.svs,42,COAD,1,12.65,1,4T
5,TCGA-5M-AAT4,TCGA-5M-AAT4-01Z-00-DX1.725C46CA-9354-43AC-AA81-3E5A66354D6B.svs,74,COAD,0,1.61,0,5M
6,TCGA-5M-AAT6,TCGA-5M-AAT6-01Z-00-DX1.8834C952-14E3-4491-8156-52FC917BB014.svs,40,COAD,1,9.53,0,5M
7,TCGA-5M-AATE,TCGA-5M-AATE-01Z-00-DX1.483FFD2F-61A1-477E-8F94-157383803FC7.svs,76,COAD,0,39.42,1,5M
8,TCGA-A6-2671,TCGA-A6-2671-01Z-00-DX1.13d1a0d9-78cd-4cfc-b670-34a79ebe52ee.svs,85,COAD,0,43.73,0,A6
9,TCGA-A6-2672,TCGA-A6-2672-01Z-00-DX1.e2a845c8-6d77-4120-9f43-abec84a66c1c.svs,82,COAD,1,46.62,1,A6
10,TCGA-A6-2674,TCGA-A6-2674-01Z-00-DX1.d301f1f5-6f4a-49e6-9c93-f4e8b7f616b8.svs,71,COAD,0,43.73,1,A6
12,TCGA-A6-2676,TCGA-A6-2676-01Z-00-DX1.c465f6e0-b47c-48e9-bdb1-67077bb16c67.svs,75,COAD,1,42.87,0,A6
13,TCGA-A6-2677,TCGA-A6-2677-01Z-00-DX1.dc0903dc-fef2-47ca-8f04-1ef25a4d8338.svs,68,COAD,1,24.31,0,A6
14,TCGA-A6-2678,TCGA-A6-2678-01Z-00-DX1.bded5c5c-555a-492a-91c7-151492d0ee5e.svs,43,COAD,1,42.25,1,A6
15,TCGA-A6-2679,TCGA-A6-2679-01Z-00-DX1.8df66ef4-d9e5-41db-836d-f0afe46d6b5a.svs,73,COAD,1,44.88,1,A6
16,TCGA-A6-2680,TCGA-A6-2680-01Z-00-DX1.7b77c0fb-f51d-4d16-ae77-f7615b1d0b87.svs,72,COAD,1,35.09,1,A6
17,TCGA-A6-2681,TCGA-A6-2681-01Z-00-DX1.5e11f090-a19d-4d5c-bcf6-c219b55d02bc.svs,73,COAD,1,45.57,1,A6
18,TCGA-A6-2682,TCGA-A6-2682-01Z-00-DX1.be71dca0-b9b7-40be-a6c6-9d053c7886a6.svs,70,COAD,0,13.93,0,A6
19,TCGA-A6-2683,TCGA-A6-2683-01Z-00-DX1.0dfc5d0a-68f4-45e1-a879-0428313c6dbc.svs,57,COAD,1,16.56,0,A6
20,TCGA-A6-2684,TCGA-A6-2684-01Z-00-DX1.be127778-e160-4ae3-9e5a-13a16eae2e7a.svs,75,COAD,1,37.02,1,A6
21,TCGA-A6-2685,TCGA-A6-2685-01Z-00-DX1.c69e23f4-34c9-41ff-a037-44bf7bbf33cd.svs,48,COAD,1,37.22,1,A6
22,TCGA-A6-2686,TCGA-A6-2686-01Z-00-DX1.0540a027-2a0c-46c7-9af0-7b8672631de7.svs,81,COAD,1,36.99,0,A6
23,TCGA-A6-3807,TCGA-A6-3807-01Z-00-DX1.c3de2064-4f8d-4786-9ff9-2e0f44293717.svs,53,COAD,1,34.63,1,A6
24,TCGA-A6-3808,TCGA-A6-3808-01Z-00-DX1.2b5a7ba3-133c-48be-87c6-199c4af208a0.svs,73,COAD,0,33.31,1,A6
25,TCGA-A6-3809,TCGA-A6-3809-01Z-00-DX1.c26f03e8-c285-4a66-925d-ae9cba17d7b3.svs,71,COAD,1,32.72,1,A6
26,TCGA-A6-3810,TCGA-A6-3810-01Z-00-DX1.2940ca70-013a-4bc3-ad6a-cf4d9ffa77ce.svs,62,COAD,0,36.5,1,A6
27,TCGA-A6-4105,TCGA-A6-4105-01Z-00-DX1.228b02a5-04fa-4392-bf03-b297c19665c3.svs,79,COAD,0,14.52,0,A6
28,TCGA-A6-4107,TCGA-A6-4107-01Z-00-DX1.89bf3dd5-72a6-49cc-9857-df2c36884029.svs,57,COAD,1,32.42,1,A6
29,TCGA-A6-5656,TCGA-A6-5656-01Z-00-DX1.8a8ebf52-8217-4288-8886-7eefa6cdfdca.svs,74,COAD,0,32.88,1,A6
30,TCGA-A6-5657,TCGA-A6-5657-01Z-00-DX1.d0cab3dd-8758-4a3e-8bb2-7cd9411dbeb6.svs,65,COAD,0,31.6,1,A6
31,TCGA-A6-5659,TCGA-A6-5659-01Z-00-DX1.c671806f-013e-4d99-9841-cda5bd43eff1.svs,82,COAD,0,30.42,1,A6
32,TCGA-A6-5660,TCGA-A6-5660-01Z-00-DX1.b254e383-a889-4b73-8f91-8580c8285754.svs,73,COAD,0,29.17,1,A6
33,TCGA-A6-5661,TCGA-A6-5661-01Z-00-DX1.bad2d858-11b4-4b9c-a720-daaae592cf48.svs,80,COAD,1,33.51,1,A6
34,TCGA-A6-5662,TCGA-A6-5662-01Z-00-DX1.82569684-1c31-4346-af9b-c296a020f624.svs,46,COAD,0,23.59,1,A6
35,TCGA-A6-5664,TCGA-A6-5664-01Z-00-DX1.622f6650-1926-4fa2-b42b-74122d9a68a4.svs,80,COAD,0,22.08,1,A6
36,TCGA-A6-5665,TCGA-A6-5665-01Z-00-DX1.3ad2c249-d138-4037-a59b-4747ce2b789a.svs,84,COAD,1,22.04,1,A6
37,TCGA-A6-5666,TCGA-A6-5666-01Z-00-DX1.6f2cf971-edcb-415d-9709-feb7422cddc4.svs,78,COAD,0,32.69,1,A6
38,TCGA-A6-5667,TCGA-A6-5667-01Z-00-DX1.1973b80d-b6b8-4ed8-9bc1-3aef51fbd9e6.svs,40,COAD,1,29.14,1,A6
39,TCGA-A6-6137,TCGA-A6-6137-01Z-00-DX1.f50ab63c-05b0-49ea-9ceb-ed10cd6dc027.svs,55,COAD,0,27.07,1,A6
40,TCGA-A6-6138,TCGA-A6-6138-01Z-00-DX1.11a4fad6-dfa3-4236-b714-bf1023b54622.svs,61,COAD,0,22.5,1,A6
41,TCGA-A6-6140,TCGA-A6-6140-01Z-00-DX1.f34d99be-25dd-4811-9155-0dbb53e849ac.svs,62,COAD,0,24.11,1,A6
42,TCGA-A6-6141,TCGA-A6-6141-01Z-00-DX1.34b5db5c-74df-47d9-bb89-beec93ded868.svs,31,COAD,0,8.38,1,A6
43,TCGA-A6-6142,TCGA-A6-6142-01Z-00-DX1.e923ce20-d3c3-4d21-9e7c-d999a3742f9b.svs,56,COAD,1,25.07,1,A6
44,TCGA-A6-6648,TCGA-A6-6648-01Z-00-DX1.88b9a490-0bed-43f3-bd74-1bf2810f6884.svs,56,COAD,0,25.16,1,A6
45,TCGA-A6-6649,TCGA-A6-6649-01Z-00-DX1.9439bce8-5715-4d76-a5d8-c6cbe1b79435.svs,66,COAD,0,24.15,1,A6
46,TCGA-A6-6650,TCGA-A6-6650-01Z-00-DX1.92f39e59-8784-4dfd-a06f-804bebcdfb26.svs,69,COAD,1,20.6,1,A6
47,TCGA-A6-6651,TCGA-A6-6651-01Z-00-DX1.09ad2d69-d71d-4fa2-9504-80557a053db4.svs,55,COAD,1,21.75,1,A6
48,TCGA-A6-6652,TCGA-A6-6652-01Z-00-DX1.30916007-088e-48bd-abf8-519f34e2c37a.svs,59,COAD,0,24.67,1,A6
49,TCGA-A6-6653,TCGA-A6-6653-01Z-00-DX1.e130666d-2681-4382-9e7a-4a4d27cb77a4.svs,82,COAD,0,24.38,1,A6
50,TCGA-A6-6654,TCGA-A6-6654-01Z-00-DX1.ed491b61-7c44-4275-879b-22f8007b5ff1.svs,65,COAD,1,23.85,1,A6
51,TCGA-A6-A565,TCGA-A6-A565-01Z-00-DX1.42172A22-6F86-4661-BF2A-78815B721503.svs,34,COAD,1,16.23,0,A6
52,TCGA-A6-A566,TCGA-A6-A566-01Z-00-DX1.325BC1B7-2D0D-43CC-A23B-7D13B2DF665D.svs,55,COAD,1,24.9,0,A6
53,TCGA-A6-A567,TCGA-A6-A567-01Z-00-DX1.F941874E-9BF7-4E8B-908C-41A638D62275.svs,56,COAD,0,61.79,0,A6
54,TCGA-A6-A56B,TCGA-A6-A56B-01Z-00-DX1.52FE9FA5-05F1-49EA-98BE-887CF7B3A52F.svs,57,COAD,0,56.21,0,A6
55,TCGA-A6-A5ZU,TCGA-A6-A5ZU-01Z-00-DX1.8E7A136C-46C4-4233-A747-EBDC4F3227FB.svs,59,COAD,0,9.63,1,A6
56,TCGA-A6-A5ZU,TCGA-A6-A5ZU-01Z-00-DX2.221EC8DE-4029-4ED2-8D84-95647BD39E03.svs,59,COAD,0,9.63,1,A6
66,TCGA-AA-3514,TCGA-AA-3514-01Z-00-DX1.9e135da2-436e-47e3-9dbf-b2f577677828.svs,81,COAD,1,1.02,1,AA
67,TCGA-AA-3516,TCGA-AA-3516-01Z-00-DX1.0a9d9207-6dc2-44b9-89ea-16418430c484.svs,74,COAD,1,13.01,0,AA
68,TCGA-AA-3517,TCGA-AA-3517-01Z-00-DX1.dac0f9a3-fa10-42e7-acaf-e86fff0829d2.svs,60,COAD,0,38.96,1,AA
69,TCGA-AA-3518,TCGA-AA-3518-01Z-00-DX1.5aad7b19-2900-4f1c-9312-f8d8c4725449.svs,81,COAD,1,1.02,1,AA
70,TCGA-AA-3519,TCGA-AA-3519-01Z-00-DX1.82e03504-31d8-43d5-8d3f-01d9016af0fe.svs,63,COAD,0,9.07,1,AA
71,TCGA-AA-3520,TCGA-AA-3520-01Z-00-DX1.3e2b41c2-eb21-4f68-8946-92b59cc1f969.svs,86,COAD,1,24.01,1,AA
72,TCGA-AA-3522,TCGA-AA-3522-01Z-00-DX1.bd54ca55-9036-4167-b8b9-14f4209b7e4d.svs,67,COAD,0,37.02,1,AA
73,TCGA-AA-3524,TCGA-AA-3524-01Z-00-DX1.b1aae264-87be-4514-8f9d-25660b39caa7.svs,85,COAD,0,36.01,1,AA
74,TCGA-AA-3525,TCGA-AA-3525-01Z-00-DX1.b6079f23-6ad2-41fb-885f-d7c68450c8d5.svs,90,COAD,0,0.03,1,AA
75,TCGA-AA-3526,TCGA-AA-3526-01Z-00-DX1.82876320-2866-4ffa-81d7-3278f7150fc3.svs,57,COAD,0,19.05,1,AA
76,TCGA-AA-3527,TCGA-AA-3527-01Z-00-DX1.20035f6a-71f8-4d1f-a356-64001be9c2dd.svs,90,COAD,1,0.0,1,AA
77,TCGA-AA-3529,TCGA-AA-3529-01Z-00-DX1.99453fef-afe8-4a43-a64f-df2d48ef9e55.svs,78,COAD,1,0.0,0,AA
78,TCGA-AA-3530,TCGA-AA-3530-01Z-00-DX1.298325a7-f5f8-4b5e-b3da-dd9dab6e4820.svs,80,COAD,0,19.05,1,AA
79,TCGA-AA-3531,TCGA-AA-3531-01Z-00-DX1.19cdaa4b-5a53-4198-90da-5800827d90bf.svs,75,COAD,1,34.0,1,AA
80,TCGA-AA-3532,TCGA-AA-3532-01Z-00-DX1.00c7a378-a7c5-4fb4-9f53-6197be81c2eb.svs,63,COAD,0,28.98,1,AA
81,TCGA-AA-3534,TCGA-AA-3534-01Z-00-DX1.a49495e0-93b2-41fa-9229-6375533578b5.svs,78,COAD,1,28.98,1,AA
82,TCGA-AA-3538,TCGA-AA-3538-01Z-00-DX1.60d0b039-25d6-4b71-a36f-5b2764a983ef.svs,54,COAD,1,25.99,1,AA
83,TCGA-AA-3542,TCGA-AA-3542-01Z-00-DX1.db284d9a-bde5-471c-ac37-5f3216d0f077.svs,69,COAD,0,12.98,1,AA
84,TCGA-AA-3543,TCGA-AA-3543-01Z-00-DX1.20129c52-157d-4d66-809f-d21694683c8d.svs,84,COAD,0,0.99,1,AA
85,TCGA-AA-3544,TCGA-AA-3544-01Z-00-DX1.96850cbf-2305-4b65-8f06-db801af51cc3.svs,68,COAD,0,13.99,1,AA
86,TCGA-AA-3548,TCGA-AA-3548-01Z-00-DX1.41949ab5-79f2-4729-9d54-c0fca1daf124.svs,71,COAD,1,33.97,1,AA
87,TCGA-AA-3549,TCGA-AA-3549-01Z-00-DX1.2fe99d54-c61b-4867-bafe-efe4f291c429.svs,69,COAD,0,20.99,1,AA
88,TCGA-AA-3552,TCGA-AA-3552-01Z-00-DX1.84133d42-9a39-44b5-a1ec-a5382650c939.svs,85,COAD,0,13.01,0,AA
89,TCGA-AA-3553,TCGA-AA-3553-01Z-00-DX1.45a24cd4-6eb2-4f20-9453-05476da34cdd.svs,61,COAD,1,23.98,1,AA
90,TCGA-AA-3554,TCGA-AA-3554-01Z-00-DX1.53ea377e-6671-47bb-a2b6-b136d9686144.svs,62,COAD,1,17.94,1,AA
91,TCGA-AA-3555,TCGA-AA-3555-01Z-00-DX1.d471efa5-7638-43e7-a2cd-93c1aed135d0.svs,81,COAD,1,29.93,1,AA
92,TCGA-AA-3556,TCGA-AA-3556-01Z-00-DX1.63a74b91-44e8-4ffd-8737-bcf6992183c3.svs,78,COAD,0,23.0,1,AA
95,TCGA-AA-3561,TCGA-AA-3561-01Z-00-DX1.1b5a2925-53f9-470f-a62c-cc2e5d5abb58.svs,72,COAD,0,13.93,1,AA
96,TCGA-AA-3562,TCGA-AA-3562-01Z-00-DX1.e07893e6-646d-41b5-be51-9c19d51f6743.svs,82,COAD,0,19.97,1,AA
101,TCGA-AA-3664,TCGA-AA-3664-01Z-00-DX1.bd07e7ef-0acb-43d8-a4f6-15b3442d2ed5.svs,74,COAD,1,53.98,1,AA
102,TCGA-AA-3666,TCGA-AA-3666-01Z-00-DX1.fe976853-fbde-46e8-b915-3c98440c9315.svs,68,COAD,0,2.0,0,AA
103,TCGA-AA-3667,TCGA-AA-3667-01Z-00-DX1.28dc3612-1c43-4727-a134-698cc4315dc3.svs,36,COAD,1,13.99,1,AA
104,TCGA-AA-3672,TCGA-AA-3672-01Z-00-DX1.6cc142eb-e77f-4c09-a6ac-e85470221812.svs,90,COAD,1,0.0,1,AA
105,TCGA-AA-3673,TCGA-AA-3673-01Z-00-DX1.a80676fa-5481-4b63-9639-dbeb31ae82d8.svs,53,COAD,1,50.0,1,AA
106,TCGA-AA-3675,TCGA-AA-3675-01Z-00-DX1.9afbbb26-2574-46af-8154-5f39bab6f01a.svs,84,COAD,0,47.01,1,AA
107,TCGA-AA-3678,TCGA-AA-3678-01Z-00-DX1.4bc052e9-e5b0-4328-afe5-8d19fd2c386c.svs,60,COAD,1,46.98,1,AA
108,TCGA-AA-3679,TCGA-AA-3679-01Z-00-DX1.b3445f8e-b143-4f24-9edd-8abdcb6b139b.svs,59,COAD,0,15.01,1,AA
109,TCGA-AA-3680,TCGA-AA-3680-01Z-00-DX1.9eef1b8f-c3c1-486f-83e7-a88182ce892a.svs,67,COAD,1,11.01,0,AA
110,TCGA-AA-3681,TCGA-AA-3681-01Z-00-DX1.576342cf-0f40-404a-b3c5-b33103f86777.svs,77,COAD,1,5.98,1,AA
111,TCGA-AA-3684,TCGA-AA-3684-01Z-00-DX1.c6be6ea4-fa92-4499-b458-85c3a8b1e3b6.svs,65,COAD,1,0.0,1,AA
112,TCGA-AA-3685,TCGA-AA-3685-01Z-00-DX1.57ef312b-70e0-46f5-b847-0e0ac32f1824.svs,69,COAD,0,37.02,1,AA
113,TCGA-AA-3688,TCGA-AA-3688-01Z-00-DX1.642ce194-6dc0-4a96-aa79-674f48966df3.svs,80,COAD,0,18.99,1,AA
114,TCGA-AA-3692,TCGA-AA-3692-01Z-00-DX1.6e8c2370-54a7-4fce-b55c-bdb459828990.svs,47,COAD,1,35.97,0,AA
115,TCGA-AA-3693,TCGA-AA-3693-01Z-00-DX1.0e18d1db-cdff-433b-a150-6c759c4dc3bb.svs,77,COAD,1,0.0,1,AA
116,TCGA-AA-3695,TCGA-AA-3695-01Z-00-DX1.be93a101-7b57-4140-bd82-86c65e65ca27.svs,63,COAD,1,0.0,1,AA
117,TCGA-AA-3696,TCGA-AA-3696-01Z-00-DX1.947f2c09-dfe9-4fdb-bf1a-9bf46d67f617.svs,75,COAD,1,5.03,0,AA
119,TCGA-AA-3710,TCGA-AA-3710-01Z-00-DX1.78082263-b7e9-4281-aa55-2da5f80e4499.svs,80,COAD,1,26.97,1,AA
122,TCGA-AA-3812,TCGA-AA-3812-01Z-00-DX1.c501fc71-8370-4034-b32a-1bb7cd846881.svs,82,COAD,1,35.02,1,AA
123,TCGA-AA-3814,TCGA-AA-3814-01Z-00-DX1.15a569dc-30d6-4bef-908b-6183df4e9e01.svs,85,COAD,1,0.0,1,AA
124,TCGA-AA-3815,TCGA-AA-3815-01Z-00-DX1.d6823390-73c1-431f-b480-0954f4df8224.svs,65,COAD,1,33.02,1,AA
125,TCGA-AA-3818,TCGA-AA-3818-01Z-00-DX1.80d3eeeb-9a4d-4211-90e8-605a4b809a63.svs,78,COAD,1,0.99,0,AA
126,TCGA-AA-3819,TCGA-AA-3819-01Z-00-DX1.cd674efa-b953-4721-9468-ec6ad8b6f567.svs,41,COAD,1,25.0,1,AA
127,TCGA-AA-3821,TCGA-AA-3821-01Z-00-DX1.019b3b1d-5c05-4be6-af25-6ee63475897e.svs,81,COAD,1,1.02,1,AA
128,TCGA-AA-3831,TCGA-AA-3831-01Z-00-DX1.0565c3fc-fe21-4b34-ae1b-626a46edaa9e.svs,66,COAD,0,17.97,1,AA
129,TCGA-AA-3833,TCGA-AA-3833-01Z-00-DX1.d27bd30c-bba2-4621-8157-feb28ba2e241.svs,63,COAD,1,15.93,1,AA
130,TCGA-AA-3837,TCGA-AA-3837-01Z-00-DX1.5692e5c0-6dc2-45be-a5f5-00a907c5c824.svs,67,COAD,0,38.96,1,AA
131,TCGA-AA-3841,TCGA-AA-3841-01Z-00-DX1.10f98d09-027f-4495-9ad8-7c8dc49a07d7.svs,66,COAD,0,36.93,1,AA
132,TCGA-AA-3842,TCGA-AA-3842-01Z-00-DX1.8bbbd702-2b17-4c3e-a8bd-55c3ae8aaba3.svs,51,COAD,0,36.99,1,AA
133,TCGA-AA-3844,TCGA-AA-3844-01Z-00-DX1.bf88ce1f-0601-40c8-813e-4e3df51bd2f0.svs,78,COAD,1,14.91,1,AA
134,TCGA-AA-3845,TCGA-AA-3845-01Z-00-DX1.20682536-a009-4184-a40b-cb889f37ad32.svs,86,COAD,1,0.0,0,AA
135,TCGA-AA-3846,TCGA-AA-3846-01Z-00-DX1.d6233d91-4d33-424a-99c1-8173fbeb5090.svs,74,COAD,1,17.02,1,AA
136,TCGA-AA-3848,TCGA-AA-3848-01Z-00-DX1.bb018b1c-7748-4865-b00f-42edc35b5047.svs,82,COAD,1,10.05,0,AA
137,TCGA-AA-3850,TCGA-AA-3850-01Z-00-DX1.49b55930-74fd-4103-9151-7b906a18be02.svs,74,COAD,0,0.0,0,AA
138,TCGA-AA-3851,TCGA-AA-3851-01Z-00-DX1.cefbb22e-6b16-41b2-b732-452bf2efe425.svs,74,COAD,0,33.05,1,AA
139,TCGA-AA-3852,TCGA-AA-3852-01Z-00-DX1.d662015f-398d-4a98-b384-46221070da2f.svs,88,COAD,0,0.0,0,AA
140,TCGA-AA-3854,TCGA-AA-3854-01Z-00-DX1.1564d865-6653-4be1-951e-ea9fab0102a7.svs,71,COAD,1,36.01,1,AA
141,TCGA-AA-3855,TCGA-AA-3855-01Z-00-DX1.f305ce6c-e87c-4e68-b31e-2e6e8b52606f.svs,72,COAD,0,32.03,1,AA
142,TCGA-AA-3856,TCGA-AA-3856-01Z-00-DX1.973974e7-fcfe-4866-bc0c-50645c6c304b.svs,59,COAD,0,0.99,1,AA
143,TCGA-AA-3858,TCGA-AA-3858-01Z-00-DX1.6336815f-9887-4f74-a15d-78e7f6cacb59.svs,67,COAD,0,31.04,1,AA
144,TCGA-AA-3860,TCGA-AA-3860-01Z-00-DX1.a63df9ca-6141-4bdc-8545-719fd9ae0aa5.svs,53,COAD,1,31.04,1,AA
145,TCGA-AA-3861,TCGA-AA-3861-01Z-00-DX1.1735d004-51bd-447a-add4-05f0c583c6ca.svs,72,COAD,0,30.03,1,AA
146,TCGA-AA-3862,TCGA-AA-3862-01Z-00-DX1.67a0bc0d-1fe0-4c90-bb2d-5b12224cc846.svs,82,COAD,0,30.03,1,AA
147,TCGA-AA-3864,TCGA-AA-3864-01Z-00-DX1.f6992bc7-ba05-4c30-9500-8f7b07b30f9a.svs,71,COAD,0,52.96,1,AA
148,TCGA-AA-3866,TCGA-AA-3866-01Z-00-DX1.f93457c3-abaa-4268-84e2-394d7c1aa523.svs,78,COAD,1,17.02,1,AA
149,TCGA-AA-3867,TCGA-AA-3867-01Z-00-DX1.dbc11b4b-732c-4b0a-aaef-ba94b0218fe6.svs,74,COAD,0,24.01,1,AA
150,TCGA-AA-3869,TCGA-AA-3869-01Z-00-DX1.ef8b8cf0-5de5-4475-ac37-286d58604a0f.svs,76,COAD,0,27.0,0,AA
151,TCGA-AA-3870,TCGA-AA-3870-01Z-00-DX1.76e57cf5-6c8c-4b75-a8db-29d4522b66cb.svs,71,COAD,1,29.96,1,AA
152,TCGA-AA-3872,TCGA-AA-3872-01Z-00-DX1.eb3732ee-40e3-4ff0-a42b-d6a85cfbab6a.svs,45,COAD,0,0.0,1,AA
153,TCGA-AA-3875,TCGA-AA-3875-01Z-00-DX1.016712a0-4226-4086-857c-3d6d85f186e3.svs,78,COAD,1,18.04,1,AA
154,TCGA-AA-3877,TCGA-AA-3877-01Z-00-DX1.36902310-bc0b-4437-9f86-6df85703e0ad.svs,83,COAD,1,30.98,1,AA
155,TCGA-AA-3930,TCGA-AA-3930-01Z-00-DX1.065c480c-9ac3-4d98-a351-cb320b6a5ba0.svs,66,COAD,0,2.0,0,AA
156,TCGA-AA-3939,TCGA-AA-3939-01Z-00-DX1.6ceb6e8f-a469-4f42-9597-8bf853d95640.svs,83,COAD,0,12.98,1,AA
157,TCGA-AA-3941,TCGA-AA-3941-01Z-00-DX1.7c445fb8-53ee-4813-9ca8-8f7c3cc0bdde.svs,84,COAD,1,23.98,1,AA
158,TCGA-AA-3947,TCGA-AA-3947-01Z-00-DX1.77005e19-8a8e-4b82-89e9-c81af9b41193.svs,60,COAD,1,32.98,1,AA
159,TCGA-AA-3949,TCGA-AA-3949-01Z-00-DX1.23748e80-0d7e-4238-8b29-f74cddae8596.svs,87,COAD,1,25.99,1,AA
160,TCGA-AA-3950,TCGA-AA-3950-01Z-00-DX1.2a81cf11-4c16-4e9e-8809-6f63152060da.svs,79,COAD,1,23.98,1,AA
161,TCGA-AA-3952,TCGA-AA-3952-01Z-00-DX1.6a51a689-74cb-4204-9f7a-f5e3fc55fb2d.svs,68,COAD,0,2.0,0,AA
162,TCGA-AA-3955,TCGA-AA-3955-01Z-00-DX1.e0eea910-db79-4797-b9db-bb8bfe35306d.svs,38,COAD,0,20.96,1,AA
163,TCGA-AA-3956,TCGA-AA-3956-01Z-00-DX1.9438cc23-9537-424c-9a70-852919548387.svs,65,COAD,0,34.0,1,AA
164,TCGA-AA-3966,TCGA-AA-3966-01Z-00-DX1.7bc0c76e-f2d9-4abd-b63c-dad01aa4b1f7.svs,89,COAD,1,2.0,1,AA
166,TCGA-AA-3968,TCGA-AA-3968-01Z-00-DX1.54b76478-a822-49b5-8286-dcbbb2fba2f8.svs,55,COAD,1,21.98,1,AA
167,TCGA-AA-3970,TCGA-AA-3970-01Z-00-DX1.712c069a-aeaf-498b-80fa-7bb481b13825.svs,65,COAD,0,36.01,1,AA
168,TCGA-AA-3971,TCGA-AA-3971-01Z-00-DX1.348b1114-a9d5-4a37-8dfd-3bc8738fec35.svs,58,COAD,0,16.06,1,AA
169,TCGA-AA-3972,TCGA-AA-3972-01Z-00-DX1.a60c2c2b-71ea-4cd6-a56b-c8e409a181ac.svs,72,COAD,0,50.95,1,AA
170,TCGA-AA-3973,TCGA-AA-3973-01Z-00-DX1.05cee752-3f4e-442d-a093-dcfb2b6130f0.svs,69,COAD,0,13.04,1,AA
171,TCGA-AA-3975,TCGA-AA-3975-01Z-00-DX1.e73492da-b6fb-4c56-ab30-53b0b7041e04.svs,80,COAD,0,34.03,1,AA
172,TCGA-AA-3977,TCGA-AA-3977-01Z-00-DX1.08ffa326-08fd-4215-9bf7-81fcf33b4f5a.svs,65,COAD,0,25.0,1,AA
173,TCGA-AA-3979,TCGA-AA-3979-01Z-00-DX1.e63b4db2-dc9b-4afb-a288-89a905beacd0.svs,84,COAD,0,23.98,1,AA
174,TCGA-AA-3980,TCGA-AA-3980-01Z-00-DX1.93383cb9-59a7-431d-b268-3c3d59a1120e.svs,89,COAD,1,7.95,1,AA
175,TCGA-AA-3982,TCGA-AA-3982-01Z-00-DX1.2d2e4de6-5b8e-4fbb-a9a8-4fbb48b5492a.svs,75,COAD,0,27.0,1,AA
176,TCGA-AA-3984,TCGA-AA-3984-01Z-00-DX1.d0cb7571-c612-4410-ac03-ebe800ad6767.svs,61,COAD,1,0.0,1,AA
177,TCGA-AA-3986,TCGA-AA-3986-01Z-00-DX1.db60e495-c0eb-416c-b65b-55ce62ed10b0.svs,73,COAD,0,19.05,1,AA
178,TCGA-AA-3989,TCGA-AA-3989-01Z-00-DX1.792D9A97-E06B-4F8C-8181-C4E5BD8B9A59.svs,84,COAD,0,7.95,0,AA
179,TCGA-AA-3994,TCGA-AA-3994-01Z-00-DX1.ca18c0cb-88b4-4a31-be1f-cca57dfadabc.svs,69,COAD,0,27.0,1,AA
180,TCGA-AA-A004,TCGA-AA-A004-01Z-00-DX1.2576461E-7FA3-4CC6-8CC3-58D8E88CE04D.svs,76,COAD,0,13.93,1,AA
181,TCGA-AA-A00A,TCGA-AA-A00A-01Z-00-DX1.B51DF257-6110-404C-9B20-A3C3453788F6.svs,80,COAD,0,38.01,1,AA
182,TCGA-AA-A00D,TCGA-AA-A00D-01Z-00-DX1.A4358CDC-9B7E-4802-BF1C-741F533BBD96.svs,70,COAD,0,18.99,1,AA
183,TCGA-AA-A00E,TCGA-AA-A00E-01Z-00-DX1.ABFCAF2D-287A-445F-9F32-BD00D1B385C3.svs,65,COAD,0,29.99,1,AA
184,TCGA-AA-A00F,TCGA-AA-A00F-01Z-00-DX1.7E748515-2D18-4061-AF9A-E1446E44E7B8.svs,66,COAD,0,34.0,1,AA
185,TCGA-AA-A00J,TCGA-AA-A00J-01Z-00-DX1.BA85D337-6687-44A6-A8DD-0CE889134BA0.svs,80,COAD,0,18.04,1,AA
186,TCGA-AA-A00K,TCGA-AA-A00K-01Z-00-DX1.25BD5724-7D30-4885-A3F9-D94FAED92984.svs,79,COAD,0,18.04,1,AA
187,TCGA-AA-A00L,TCGA-AA-A00L-01Z-00-DX1.4F57C465-BC1C-4774-B003-F7F29C6A69D0.svs,66,COAD,0,38.01,1,AA
188,TCGA-AA-A00N,TCGA-AA-A00N-01Z-00-DX1.79D0A833-8411-486B-9BED-7B5E203D02F2.svs,75,COAD,0,4.01,0,AA
189,TCGA-AA-A00O,TCGA-AA-A00O-01Z-00-DX1.6787693F-6E3E-479A-A4DE-44186659285F.svs,83,COAD,1,27.0,1,AA
190,TCGA-AA-A00Q,TCGA-AA-A00Q-01Z-00-DX1.D427F78B-6640-400B-B8F8-B5568B1C4321.svs,66,COAD,1,41.98,1,AA
191,TCGA-AA-A00R,TCGA-AA-A00R-01Z-00-DX1.7520405C-E7DD-46A4-BB68-ADFA511AEA64.svs,64,COAD,1,0.99,1,AA
192,TCGA-AA-A00U,TCGA-AA-A00U-01Z-00-DX1.E83A6B38-D472-482F-89D7-FF61FB589371.svs,50,COAD,0,17.02,1,AA
193,TCGA-AA-A00W,TCGA-AA-A00W-01Z-00-DX1.24770462-BD63-4881-9AE3-9198E9093AD9.svs,80,COAD,0,14.98,1,AA
194,TCGA-AA-A00Z,TCGA-AA-A00Z-01Z-00-DX1.47847702-E46E-40AA-9BA6-2ED1912D1E73.svs,70,COAD,0,21.98,1,AA
195,TCGA-AA-A010,TCGA-AA-A010-01Z-00-DX1.AA174B84-1EF2-47EA-85A6-516B3328325D.svs,46,COAD,1,34.95,1,AA
196,TCGA-AA-A017,TCGA-AA-A017-01Z-00-DX1.E7B1384E-3C57-4CE5-B85E-3B8FD328B5A2.svs,57,COAD,1,15.01,1,AA
197,TCGA-AA-A01C,TCGA-AA-A01C-01Z-00-DX1.C69C8FC3-04A2-46B8-8577-7A7F082248CB.svs,75,COAD,0,15.01,1,AA
198,TCGA-AA-A01F,TCGA-AA-A01F-01Z-00-DX1.A09E4A5B-1DD2-472C-B387-91803FEE514A.svs,72,COAD,0,32.0,1,AA
199,TCGA-AA-A01G,TCGA-AA-A01G-01Z-00-DX1.8A288E53-BA38-4BAC-81B5-2E0E41EA0D85.svs,63,COAD,0,11.99,1,AA
200,TCGA-AA-A01I,TCGA-AA-A01I-01Z-00-DX1.D24F43B2-F46E-4F7F-85A0-91F3A04E0785.svs,76,COAD,0,30.98,1,AA
202,TCGA-AA-A01P,TCGA-AA-A01P-01Z-00-DX1.D7AAA4F0-C956-4346-8948-DADACDFB3B69.svs,80,COAD,1,38.04,0,AA
203,TCGA-AA-A01Q,TCGA-AA-A01Q-01Z-00-DX1.4432694B-F24B-4942-91FD-27DEF1D84921.svs,48,COAD,1,1.02,1,AA
204,TCGA-AA-A01R,TCGA-AA-A01R-01Z-00-DX1.5D2BEC13-8F61-49D4-A96E-4C6C44BD5A38.svs,47,COAD,0,34.99,1,AA
205,TCGA-AA-A01S,TCGA-AA-A01S-01Z-00-DX1.1F2812C1-9807-4D14-8071-3FE15236EB44.svs,47,COAD,1,1.02,1,AA
206,TCGA-AA-A01T,TCGA-AA-A01T-01Z-00-DX1.0C795296-87D6-4B90-9363-CF5CD7A2924D.svs,63,COAD,1,33.02,1,AA
207,TCGA-AA-A01V,TCGA-AA-A01V-01Z-00-DX1.1AC200C2-F577-421D-B91F-F0A7251C3D90.svs,59,COAD,0,1.02,1,AA
208,TCGA-AA-A01X,TCGA-AA-A01X-01Z-00-DX1.7433F54C-2A79-467A-8FEA-638AE48F42A0.svs,80,COAD,1,25.99,1,AA
209,TCGA-AA-A01Z,TCGA-AA-A01Z-01Z-00-DX1.9724B55C-C5D9-4C8B-AA05-76C21BA1F046.svs,68,COAD,0,36.99,1,AA
210,TCGA-AA-A022,TCGA-AA-A022-01Z-00-DX1.2673F279-5DF6-4E71-92B2-A589DD8F583B.svs,88,COAD,1,0.0,1,AA
211,TCGA-AA-A024,TCGA-AA-A024-01Z-00-DX1.5F24A31C-2F11-4768-9906-7BAB578C742D.svs,81,COAD,0,39.03,0,AA
212,TCGA-AA-A029,TCGA-AA-A029-01Z-00-DX1.36BA3129-431D-4AE5-98E6-BA064D0B5062.svs,67,COAD,0,51.94,1,AA
213,TCGA-AA-A02E,TCGA-AA-A02E-01Z-00-DX1.04D47621-9DCF-437C-A4D6-44D17579FE6D.svs,82,COAD,1,2.96,0,AA
214,TCGA-AA-A02H,TCGA-AA-A02H-01Z-00-DX1.5343879F-6C5D-48B3-8D78-D895ED118F42.svs,74,COAD,1,2.0,0,AA
215,TCGA-AA-A02J,TCGA-AA-A02J-01Z-00-DX1.1326204B-9264-482C-9F75-795DD085C0DF.svs,70,COAD,1,5.03,0,AA
216,TCGA-AA-A02K,TCGA-AA-A02K-01Z-00-DX1.732DD8F9-A21A-4E97-A779-3400A6C3D19D.svs,50,COAD,0,13.99,0,AA
217,TCGA-AA-A02O,TCGA-AA-A02O-01Z-00-DX1.CB9BE08B-D78B-46B3-8339-A3DADD24439F.svs,82,COAD,0,0.92,1,AA
218,TCGA-AA-A02R,TCGA-AA-A02R-01Z-00-DX1.B332C84C-EE97-4855-B773-9B5CBFA45096.svs,84,COAD,1,22.01,0,AA
219,TCGA-AA-A02W,TCGA-AA-A02W-01Z-00-DX1.3D9DD408-C389-411D-B4AC-6DC531D35BAD.svs,73,COAD,1,40.97,1,AA
221,TCGA-AA-A03F,TCGA-AA-A03F-01Z-00-DX1.8E1A83FE-2C85-4444-A8FC-D0691817968A.svs,90,COAD,1,0.0,0,AA
222,TCGA-AA-A03J,TCGA-AA-A03J-01Z-00-DX1.4E57E86E-ADEE-4837-9F91-E9CA141F7ACC.svs,65,COAD,1,40.93,1,AA
223,TCGA-AD-5900,TCGA-AD-5900-01Z-00-DX1.ff1dbf00-d9c5-45a2-9732-07b46f4e1471.svs,67,COAD,0,12.16,1,AD
224,TCGA-AD-6548,TCGA-AD-6548-01Z-00-DX1.4e047481-8926-48e6-9eba-46597c4cc396.svs,81,COAD,1,21.35,1,AD
225,TCGA-AD-6888,TCGA-AD-6888-01Z-00-DX1.47AE342C-4577-4D8B-9048-0B106C5960E7.svs,73,COAD,0,15.51,0,AD
226,TCGA-AD-6889,TCGA-AD-6889-01Z-00-DX1.5269A81E-5391-4875-8F2A-6505BC5BBFD9.svs,76,COAD,0,83.18,0,AD
227,TCGA-AD-6890,TCGA-AD-6890-01Z-00-DX1.4778042f-f210-489c-bb76-b4fe16b0d500.svs,65,COAD,0,24.51,1,AD
228,TCGA-AD-6895,TCGA-AD-6895-01Z-00-DX1.7FB1FBC6-683B-4285-89D1-A7A20F07A9D4.svs,84,COAD,0,25.07,1,AD
229,TCGA-AD-6899,TCGA-AD-6899-01Z-00-DX1.646f5e1a-212f-4b15-8689-8b55f7ba8c47.svs,84,COAD,0,5.78,0,AD
230,TCGA-AD-6901,TCGA-AD-6901-01Z-00-DX1.0a69c0b5-6238-4c1a-bbbd-ea743bf6fc98.svs,78,COAD,0,22.4,0,AD
231,TCGA-AD-6963,TCGA-AD-6963-01Z-00-DX1.7df2e133-5f24-4c0a-b7f5-5a65fe3420c9.svs,58,COAD,0,27.4,1,AD
232,TCGA-AD-6964,TCGA-AD-6964-01Z-00-DX1.83AF88B9-C59B-48C6-A739-85ACB8F8ECA9.svs,58,COAD,0,10.87,0,AD
233,TCGA-AD-6965,TCGA-AD-6965-01Z-00-DX1.0330727c-42f5-4a08-a35d-af81eda1d0f1.svs,62,COAD,0,26.45,1,AD
234,TCGA-AD-A5EJ,TCGA-AD-A5EJ-01Z-00-DX1.FA56CEAF-8B70-45EF-A2C9-8AA7BEB3D88A.svs,74,COAD,1,0.0,1,AD
235,TCGA-AD-A5EK,TCGA-AD-A5EK-01Z-00-DX1.709B3557-3E24-4CAB-8CD6-604C9438BC12.svs,51,COAD,0,16.43,1,AD
236,TCGA-AF-2687,TCGA-AF-2687-01Z-00-DX1.bbcd88f6-11d5-4b57-9693-693124b2b7e7.svs,57,READ,0,46.88,1,AF
237,TCGA-AF-2689,TCGA-AF-2689-01Z-00-DX1.38242a22-4fcd-471f-a81c-56a5fe6f9a3a.svs,41,READ,1,39.45,0,AF
238,TCGA-AF-2690,TCGA-AF-2690-01Z-00-DX1.22cb3fa6-519d-449f-b486-1f35c9089164.svs,76,READ,1,17.21,0,AF
239,TCGA-AF-2691,TCGA-AF-2691-01Z-00-DX1.e4e174e0-fa32-4b26-85bb-86b01b2f6bc4.svs,48,READ,1,43.0,1,AF
240,TCGA-AF-2692,TCGA-AF-2692-01Z-00-DX1.101b23cb-53ab-4ec7-a4b5-8c6cf575c0f2.svs,54,READ,1,13.53,1,AF
241,TCGA-AF-2693,TCGA-AF-2693-01Z-00-DX1.620a9998-65df-4024-b719-f2384b4e7d36.svs,75,READ,0,37.94,1,AF
242,TCGA-AF-3400,TCGA-AF-3400-01Z-00-DX1.b5c266c7-b465-4478-8058-cdf3f35dff38.svs,54,READ,0,34.46,1,AF
243,TCGA-AF-3911,TCGA-AF-3911-01Z-00-DX1.03cf3e2a-1306-4011-8d42-543efb5d1286.svs,48,READ,0,37.71,1,AF
244,TCGA-AF-3913,TCGA-AF-3913-01Z-00-DX1.52725653-b597-4f1f-ac1f-80333e74ea1a.svs,60,READ,0,10.38,0,AF
245,TCGA-AF-3914,TCGA-AF-3914-01Z-00-DX2.493568CE-EAC1-400D-87E1-01A22F689D21.svs,39,READ,0,37.65,1,AF
246,TCGA-AF-3914,TCGA-AF-3914-01Z-00-DX1.d7bb7792-df51-498b-9d16-fc26e219249f.svs,39,READ,0,37.65,1,AF
247,TCGA-AF-4110,TCGA-AF-4110-01Z-00-DX1.cb8de1f0-0b38-4271-af5f-33655693e35e.svs,77,READ,0,29.96,1,AF
248,TCGA-AF-5654,TCGA-AF-5654-01Z-00-DX1.2ec3177c-f20b-4c32-9e05-29283bbac185.svs,73,READ,1,16.82,0,AF
249,TCGA-AF-6136,TCGA-AF-6136-01Z-00-DX1.a0e22964-b7b4-43ba-bfa1-11c60f254eb3.svs,72,READ,1,24.34,1,AF
250,TCGA-AF-6655,TCGA-AF-6655-01Z-00-DX1.c7c5a2ca-1954-4c72-b99f-3b543566f325.svs,66,READ,0,20.01,1,AF
251,TCGA-AF-6672,TCGA-AF-6672-01Z-00-DX1.a966d993-8a84-4175-b456-77816c3c4793.svs,43,READ,0,24.57,1,AF
252,TCGA-AF-A56K,TCGA-AF-A56K-01Z-00-DX1.5870355A-679E-4E4C-8A00-B13C6F2A3FF2.svs,56,READ,0,86.56,1,AF
253,TCGA-AF-A56L,TCGA-AF-A56L-01Z-00-DX1.984FBEF1-A46B-432D-A295-1275E60D09D8.svs,48,READ,1,65.93,1,AF
254,TCGA-AF-A56N,TCGA-AF-A56N-01Z-00-DX1.513ABBD0-9CF9-42EE-8C8C-039BAF96CFF0.svs,47,READ,1,11.83,1,AF
255,TCGA-AG-3574,TCGA-AG-3574-01Z-00-DX1.a6400d6e-305f-4889-a32a-a6247d0c39ba.svs,89,READ,1,2.99,0,AG
256,TCGA-AG-3575,TCGA-AG-3575-01Z-00-DX1.b9592a4c-ce70-4597-8f30-109ca9321789.svs,51,READ,0,11.99,1,AG
257,TCGA-AG-3578,TCGA-AG-3578-01Z-00-DX1.fa579e93-e28c-4e38-8757-bd8fa1c00285.svs,76,READ,1,32.0,1,AG
258,TCGA-AG-3580,TCGA-AG-3580-01Z-00-DX1.040f02e8-92c6-46d5-94e1-054dcd44d057.svs,67,READ,0,8.02,1,AG
259,TCGA-AG-3581,TCGA-AG-3581-01Z-00-DX1.2d8ba8ba-0533-41e5-b0e0-0d49ef408302.svs,63,READ,0,7.06,1,AG
260,TCGA-AG-3582,TCGA-AG-3582-01Z-00-DX1.2e248185-2230-479d-806e-d6687dcb70c3.svs,75,READ,0,36.01,0,AG
261,TCGA-AG-3583,TCGA-AG-3583-01Z-00-DX1.7f30dd92-a80b-4090-82ca-7ea8e0a14094.svs,66,READ,0,20.04,0,AG
262,TCGA-AG-3584,TCGA-AG-3584-01Z-00-DX1.0ebb5f29-445f-48e1-99f2-ac261080e53d.svs,60,READ,0,23.98,0,AG
263,TCGA-AG-3586,TCGA-AG-3586-01Z-00-DX1.38d7b4ce-9f18-48e6-9988-a3ef43b3d646.svs,72,READ,1,1.02,1,AG
264,TCGA-AG-3587,TCGA-AG-3587-01Z-00-DX1.0be1e75e-2c95-406e-bece-b9f5e971be80.svs,65,READ,0,45.99,1,AG
267,TCGA-AG-3593,TCGA-AG-3593-01Z-00-DX1.d3086414-77f4-483f-bac8-d7cb29a0689e.svs,72,READ,1,34.0,1,AG
268,TCGA-AG-3594,TCGA-AG-3594-01Z-00-DX1.83a27a62-0ddd-48e0-ba34-1ba6d8aa9526.svs,77,READ,0,2.0,0,AG
269,TCGA-AG-3598,TCGA-AG-3598-01Z-00-DX1.033cee69-8540-4584-83f5-c08e37cc7170.svs,69,READ,0,50.0,1,AG
270,TCGA-AG-3599,TCGA-AG-3599-01Z-00-DX1.5cfa9ea3-683f-4994-b7e8-a7493914ac97.svs,70,READ,0,12.02,1,AG
271,TCGA-AG-3600,TCGA-AG-3600-01Z-00-DX1.1d506eeb-bb65-4688-bdb2-6ac101fc1dbe.svs,62,READ,0,6.04,1,AG
272,TCGA-AG-3601,TCGA-AG-3601-01Z-00-DX1.30ac783e-ba70-49ef-8be7-a37c48559535.svs,68,READ,0,0.0,1,AG
273,TCGA-AG-3602,TCGA-AG-3602-01Z-00-DX1.23198764-e085-441b-98e4-87fbe1c346f9.svs,66,READ,1,0.0,1,AG
274,TCGA-AG-3605,TCGA-AG-3605-01Z-00-DX1.27c26401-3e5b-484d-946d-0f508b979572.svs,85,READ,1,0.99,1,AG
275,TCGA-AG-3608,TCGA-AG-3608-01Z-00-DX1.aabf7424-6c66-489d-9715-8632d9a17cfc.svs,79,READ,1,15.93,1,AG
276,TCGA-AG-3609,TCGA-AG-3609-01Z-00-DX1.6a698ad2-cc70-4c9d-b5d8-57c2cac3d86b.svs,65,READ,1,19.97,1,AG
277,TCGA-AG-3611,TCGA-AG-3611-01Z-00-DX1.c22e8af9-4211-46b4-b2aa-40b414025ae1.svs,72,READ,0,13.93,1,AG
278,TCGA-AG-3612,TCGA-AG-3612-01Z-00-DX1.4d866e62-3135-4562-83e1-3629a5c2a744.svs,55,READ,1,19.97,1,AG
280,TCGA-AG-3726,TCGA-AG-3726-01Z-00-DX1.3083b6e0-f039-4d39-848e-78143938cf82.svs,63,READ,1,7.98,1,AG
281,TCGA-AG-3727,TCGA-AG-3727-01Z-00-DX1.58b4710b-0a54-4183-9e8e-92ec44a57b17.svs,78,READ,1,0.99,1,AG
282,TCGA-AG-3728,TCGA-AG-3728-01Z-00-DX1.998fff2e-fb3f-467d-9241-e5ae8f81e36b.svs,73,READ,0,29.96,1,AG
286,TCGA-AG-3878,TCGA-AG-3878-01Z-00-DX1.e4b3b620-2fde-4b31-b1d9-0f680a19bca5.svs,64,READ,0,0.99,1,AG
287,TCGA-AG-3882,TCGA-AG-3882-01Z-00-DX1.b5c38e5d-6f16-4fdb-b01d-6c206892add4.svs,66,READ,1,19.97,1,AG
288,TCGA-AG-3883,TCGA-AG-3883-01Z-00-DX1.2a21ffb1-8a60-4424-b74d-4c85b7894953.svs,69,READ,0,1.02,1,AG
289,TCGA-AG-3885,TCGA-AG-3885-01Z-00-DX1.85bc7cb5-ab71-4037-85fe-df76fea4e07f.svs,71,READ,1,17.94,1,AG
290,TCGA-AG-3887,TCGA-AG-3887-01Z-00-DX1.4973b987-ee11-4a5b-a2ba-d9910b363486.svs,68,READ,0,36.93,1,AG
291,TCGA-AG-3890,TCGA-AG-3890-01Z-00-DX1.662d0fee-4d6e-43c9-b7f4-767e36b22ae6.svs,62,READ,0,17.02,1,AG
293,TCGA-AG-3892,TCGA-AG-3892-01Z-00-DX1.571113b6-fd2b-4397-97dd-0c7563d8e3c5.svs,57,READ,1,13.01,1,AG
294,TCGA-AG-3893,TCGA-AG-3893-01Z-00-DX1.f6a292eb-14b8-4b3c-8f0c-013c5a33c851.svs,74,READ,0,34.99,1,AG
295,TCGA-AG-3894,TCGA-AG-3894-01Z-00-DX1.8298d187-0f8f-44da-bc51-651a55de4b9e.svs,65,READ,0,13.99,1,AG
296,TCGA-AG-3896,TCGA-AG-3896-01Z-00-DX1.53ea09cb-a2e9-49df-b633-23c83df27253.svs,85,READ,1,1.02,1,AG
297,TCGA-AG-3898,TCGA-AG-3898-01Z-00-DX1.c71a46ab-8ce8-48a6-8b06-f5f7995efc95.svs,61,READ,0,48.0,1,AG
298,TCGA-AG-3901,TCGA-AG-3901-01Z-00-DX1.3deb3ae7-a068-4d4b-868d-5507582c5e82.svs,67,READ,1,25.0,1,AG
299,TCGA-AG-3902,TCGA-AG-3902-01Z-00-DX1.f08b9bcd-7cd8-4480-bed9-bf28f55172fd.svs,61,READ,0,32.0,1,AG
300,TCGA-AG-3906,TCGA-AG-3906-01Z-00-DX1.c45a55f5-8fba-41c2-8bda-8fdc702d13dc.svs,67,READ,1,19.97,1,AG
301,TCGA-AG-3909,TCGA-AG-3909-01Z-00-DX1.adb4e65f-e23f-409c-8886-bbdcaa52d1d4.svs,69,READ,1,19.97,1,AG
302,TCGA-AG-3999,TCGA-AG-3999-01Z-00-DX1.d963afa8-565a-4da8-ab5c-7c7cadf30b0f.svs,61,READ,1,28.02,1,AG
303,TCGA-AG-4001,TCGA-AG-4001-01Z-00-DX1.1dbafe58-de6b-47a0-9b47-15c5f9401bef.svs,74,READ,1,36.01,1,AG
304,TCGA-AG-4005,TCGA-AG-4005-01Z-00-DX1.5df38ba5-00db-41b7-ae57-a62e28d94120.svs,64,READ,0,14.03,1,AG
305,TCGA-AG-4007,TCGA-AG-4007-01Z-00-DX1.1344292e-78ad-4db8-b03b-e7ceb0c7027b.svs,87,READ,0,1.02,1,AG
306,TCGA-AG-4008,TCGA-AG-4008-01Z-00-DX1.2bb4f9eb-8717-4170-98aa-6a28b4242994.svs,63,READ,0,17.02,1,AG
308,TCGA-AG-4015,TCGA-AG-4015-01Z-00-DX1.043fe5dc-2492-4cfa-bfc2-634fe2e341ab.svs,85,READ,1,0.0,1,AG
309,TCGA-AG-4021,TCGA-AG-4021-01Z-00-DX1.6ba4cace-d21a-4615-bb4b-1b68673b15f0.svs,84,READ,1,3.98,0,AG
310,TCGA-AG-4022,TCGA-AG-4022-01Z-00-DX1.72c82ee1-ceb4-4247-813a-157e80cb5ab7.svs,59,READ,1,45.99,1,AG
311,TCGA-AG-A002,TCGA-AG-A002-01Z-00-DX1.C778D6F9-BCEF-4521-9E6D-3A940CFEB909.svs,35,READ,0,20.96,1,AG
312,TCGA-AG-A008,TCGA-AG-A008-01Z-00-DX1.0FFD2A0D-346F-4732-A724-FB0038347C08.svs,50,READ,1,13.93,1,AG
313,TCGA-AG-A00C,TCGA-AG-A00C-01Z-00-DX1.B0CCAC43-A39D-4C59-AFC6-003BF0958B45.svs,49,READ,1,6.01,1,AG
314,TCGA-AG-A00H,TCGA-AG-A00H-01Z-00-DX1.489EB8DD-4956-4AE4-97E1-32AB58CD6972.svs,75,READ,0,25.95,1,AG
315,TCGA-AG-A00Y,TCGA-AG-A00Y-01Z-00-DX1.E98EC504-95CA-4C34-924C-D40ADF323617.svs,68,READ,0,23.0,1,AG
316,TCGA-AG-A011,TCGA-AG-A011-01Z-00-DX1.155A4093-5EC6-4D38-8CE1-24C045DF0CD8.svs,80,READ,0,36.99,1,AG
317,TCGA-AG-A014,TCGA-AG-A014-01Z-00-DX1.B1C4F8FA-B049-413B-9759-77FEC8B433C1.svs,86,READ,0,15.93,1,AG
318,TCGA-AG-A015,TCGA-AG-A015-01Z-00-DX1.F3BAA1C8-4378-4228-A9EE-B69CA9973730.svs,64,READ,1,36.01,1,AG
319,TCGA-AG-A016,TCGA-AG-A016-01Z-00-DX1.49CE1152-108D-40CC-BDCE-292DFFC77001.svs,55,READ,0,9.07,1,AG
320,TCGA-AG-A01J,TCGA-AG-A01J-01Z-00-DX1.C0B83A27-DFE5-45F0-B1C2-406C3852C609.svs,59,READ,1,1.02,1,AG
321,TCGA-AG-A01L,TCGA-AG-A01L-01Z-00-DX1.1B54B139-4477-4E67-83D1-E431AA52F5B8.svs,58,READ,0,0.0,1,AG
322,TCGA-AG-A01N,TCGA-AG-A01N-01Z-00-DX1.E2436F26-E5BE-446A-8F90-0867EA07381A.svs,68,READ,1,30.98,1,AG
323,TCGA-AG-A01W,TCGA-AG-A01W-01Z-00-DX1.3300D796-28C2-40E9-81BF-1793069C0FE7.svs,67,READ,1,0.0,1,AG
324,TCGA-AG-A01Y,TCGA-AG-A01Y-01Z-00-DX1.3F49940B-3758-419B-89CE-4F6D94881C54.svs,49,READ,1,0.0,1,AG
325,TCGA-AG-A020,TCGA-AG-A020-01Z-00-DX1.E89BD2F0-B2BB-4EED-B7F4-4D7678E282AF.svs,57,READ,1,1.02,1,AG
326,TCGA-AG-A023,TCGA-AG-A023-01Z-00-DX1.396A4BCE-E238-4A0B-8F18-BC37E5D8EC78.svs,62,READ,1,51.94,0,AG
327,TCGA-AG-A025,TCGA-AG-A025-01Z-00-DX1.D7F8C795-37A3-4FB5-888F-B81F4DFE94FA.svs,62,READ,1,49.93,1,AG
328,TCGA-AG-A026,TCGA-AG-A026-01Z-00-DX1.865CB417-28D7-4687-A04B-13D4067D7F6E.svs,66,READ,0,1.94,0,AG
329,TCGA-AG-A02G,TCGA-AG-A02G-01Z-00-DX1.E9848C07-0DFC-48E7-AA9F-9BF783676468.svs,66,READ,0,38.93,0,AG
330,TCGA-AG-A02N,TCGA-AG-A02N-01Z-00-DX1.3AFD1A23-48FE-44E9-9463-5B82633DDA2B.svs,67,READ,0,61.93,1,AG
331,TCGA-AG-A02X,TCGA-AG-A02X-01Z-00-DX1.86D92AA1-1EB9-43C8-9F07-DF557DCB831B.svs,77,READ,0,40.97,1,AG
332,TCGA-AG-A032,TCGA-AG-A032-01Z-00-DX1.92DF6C70-9196-4D5A-9197-D03B3D1B5AF5.svs,68,READ,0,38.01,1,AG
333,TCGA-AG-A036,TCGA-AG-A036-01Z-00-DX1.8D306B77-755A-4FDC-BE9C-C407716FB142.svs,71,READ,0,117.02,1,AG
334,TCGA-AH-6544,TCGA-AH-6544-01Z-00-DX1.bdb13901-92a8-48ed-aaa0-a6cf476b7ee9.svs,60,READ,0,38.53,1,AH
335,TCGA-AH-6547,TCGA-AH-6547-01Z-00-DX1.73040c3e-8219-4d21-88f2-613218d32297.svs,79,READ,1,2.5,0,AH
336,TCGA-AH-6549,TCGA-AH-6549-01Z-00-DX1.38ea40f7-4ebf-49cc-801b-4dcf3c50cc5e.svs,66,READ,0,17.48,1,AH
337,TCGA-AH-6643,TCGA-AH-6643-01Z-00-DX1.054a48b8-a5f3-4c9b-bd2e-5d48c55d57af.svs,50,READ,0,43.17,0,AH
338,TCGA-AH-6644,TCGA-AH-6644-01Z-00-DX1.382b842a-afd7-430b-8489-502c8ab88ee1.svs,73,READ,0,27.53,1,AH
339,TCGA-AH-6897,TCGA-AH-6897-01Z-00-DX1.4c3605c1-7e05-40c2-bea6-1a9c642f856e.svs,48,READ,0,26.41,1,AH
340,TCGA-AH-6903,TCGA-AH-6903-01Z-00-DX1.29f3feae-e757-4138-9f86-439fac247009.svs,46,READ,0,19.45,1,AH
341,TCGA-AM-5820,TCGA-AM-5820-01Z-00-DX1.365538bf-65ff-4fcd-8862-90627484431c.svs,59,COAD,1,0.46,1,AM
342,TCGA-AM-5821,TCGA-AM-5821-01Z-00-DX1.0851bd43-6c23-4db3-a50a-7c9fb5080150.svs,68,COAD,1,0.92,1,AM
343,TCGA-AU-3779,TCGA-AU-3779-01Z-00-DX1.4134005A-8A79-46DC-8737-B3C8AAC2DFCA.svs,80,COAD,1,14.49,1,AU
344,TCGA-AU-6004,TCGA-AU-6004-01Z-00-DX1.12a234b3-1843-47ca-b650-37c1a631f489.svs,69,COAD,1,27.07,1,AU
345,TCGA-AY-4070,TCGA-AY-4070-01Z-00-DX1.dd650ac6-8480-4fd8-85b8-15a7840a5933.svs,50,COAD,1,16.29,0,AY
346,TCGA-AY-4071,TCGA-AY-4071-01Z-00-DX1.6C426E14-2DBD-4009-A6B5-B8B7B8F5888C.svs,63,COAD,1,0.95,0,AY
347,TCGA-AY-5543,TCGA-AY-5543-01Z-00-DX1.f3614d19-8391-49cc-a0e4-932e717696d3.svs,65,COAD,1,32.98,1,AY
348,TCGA-AY-6196,TCGA-AY-6196-01Z-00-DX1.747B47B0-386A-4BA9-A8B7-274F1699D15E.svs,47,COAD,0,0.2,1,AY
349,TCGA-AY-6197,TCGA-AY-6197-01Z-00-DX1.AD42F96E-6583-4AB8-A6BD-C8334EA9DE14.svs,60,COAD,0,21.42,1,AY
350,TCGA-AY-6386,TCGA-AY-6386-01Z-00-DX1.2B976983-5724-4335-8B47-9B44271B0A01.svs,66,COAD,1,17.81,1,AY
351,TCGA-AY-A54L,TCGA-AY-A54L-01Z-00-DX1.BD4039B4-D732-418B-9CC9-064095A1F06F.svs,74,COAD,1,17.25,1,AY
352,TCGA-AY-A69D,TCGA-AY-A69D-01Z-00-DX1.94582A46-7470-4265-8371-23BC246431EE.svs,55,COAD,1,17.84,1,AY
353,TCGA-AY-A71X,TCGA-AY-A71X-01Z-00-DX1.68F9BC0F-1D60-4AEF-9083-509387038F03.svs,54,COAD,1,19.32,1,AY
354,TCGA-AY-A8YK,TCGA-AY-A8YK-01Z-00-DX1.89E3C546-0425-449B-A6FB-1C35168EA7EB.svs,44,COAD,0,18.82,1,AY
355,TCGA-AZ-4308,TCGA-AZ-4308-01Z-00-DX1.804e054d-e206-4b34-a992-86317ef515d9.svs,47,COAD,1,109.2,1,AZ
356,TCGA-AZ-4313,TCGA-AZ-4313-01Z-00-DX1.5e7ecf69-d1fd-4997-9dcc-ab8e9f10b423.svs,51,COAD,1,75.89,1,AZ
357,TCGA-AZ-4315,TCGA-AZ-4315-01Z-00-DX1.1a2c2771-3e59-47c3-b380-42110c545e6b.svs,61,COAD,0,58.34,1,AZ
358,TCGA-AZ-4614,TCGA-AZ-4614-01Z-00-DX1.c1488dfe-528f-4dd4-b5f8-da81fbb4ec0b.svs,71,COAD,1,5.65,0,AZ
359,TCGA-AZ-4615,TCGA-AZ-4615-01Z-00-DX1.ecabbbb1-c1ed-4f60-b44f-b07eaa177208.svs,84,COAD,0,32.92,1,AZ
360,TCGA-AZ-4616,TCGA-AZ-4616-01Z-00-DX1.0a0f6eaa-4db6-4479-a9df-f09387f555b1.svs,82,COAD,1,5.12,0,AZ
361,TCGA-AZ-4681,TCGA-AZ-4681-01Z-00-DX1.e468c1a1-e251-4521-82fe-526c9c5f8190.svs,79,COAD,1,106.67,1,AZ
362,TCGA-AZ-5403,TCGA-AZ-5403-01Z-00-DX1.1c557fea-6627-48e9-abb9-79da22c40cef.svs,43,COAD,0,62.75,0,AZ
363,TCGA-AZ-5407,TCGA-AZ-5407-01Z-00-DX1.5218a617-9817-44f4-8f00-8e9e3d04bd70.svs,51,COAD,1,88.14,1,AZ
364,TCGA-AZ-6598,TCGA-AZ-6598-01Z-00-DX1.1fc4cd61-4524-413b-b36d-ad438785bc06.svs,77,COAD,1,49.38,0,AZ
365,TCGA-AZ-6599,TCGA-AZ-6599-01Z-00-DX1.9d6aae3d-6934-4e96-8699-db41e1194f29.svs,72,COAD,0,6.77,0,AZ
366,TCGA-AZ-6600,TCGA-AZ-6600-01Z-00-DX1.9afe2f8f-bcfe-43df-a83b-6c183f226757.svs,64,COAD,0,12.09,0,AZ
367,TCGA-AZ-6601,TCGA-AZ-6601-01Z-00-DX1.40681471-3104-48be-8b57-55dba1f432f8.svs,68,COAD,0,99.93,0,AZ
368,TCGA-AZ-6603,TCGA-AZ-6603-01Z-00-DX1.e39d6a8c-a738-4d63-b094-11be49fac828.svs,77,COAD,1,29.53,0,AZ
369,TCGA-AZ-6605,TCGA-AZ-6605-01Z-00-DX1.4d634c3e-a1c0-42e1-a4d6-5980eddfa0ca.svs,77,COAD,0,5.22,0,AZ
370,TCGA-AZ-6606,TCGA-AZ-6606-01Z-00-DX1.aa79b3d8-8ff1-4171-96dc-94bc7d073d93.svs,81,COAD,0,11.73,0,AZ
371,TCGA-AZ-6607,TCGA-AZ-6607-01Z-00-DX1.b0a25161-7e13-42d6-9271-ecc5ecce2232.svs,69,COAD,0,3.19,0,AZ
372,TCGA-AZ-6608,TCGA-AZ-6608-01Z-00-DX1.40d9f93f-f7d8-4138-9af1-bb579c53194b.svs,55,COAD,1,1.94,0,AZ
373,TCGA-BM-6198,TCGA-BM-6198-01Z-00-DX1.8B67F38E-AF4C-4301-9EC5-0AB575F3E728.svs,73,READ,0,21.22,1,BM
374,TCGA-CA-5254,TCGA-CA-5254-01Z-00-DX1.cd986205-1db0-457b-9a28-75bed56376cb.svs,42,COAD,1,12.68,1,CA
375,TCGA-CA-5255,TCGA-CA-5255-01Z-00-DX1.77310ae2-9c5f-48c4-9754-c5b30d287089.svs,45,COAD,0,12.35,1,CA
376,TCGA-CA-5256,TCGA-CA-5256-01Z-00-DX1.67cc2ca1-40df-4e76-be88-dfd93e20e017.svs,54,COAD,1,12.45,1,CA
377,TCGA-CA-5796,TCGA-CA-5796-01Z-00-DX1.88141789-4240-4ab7-8db1-e4cb7ee1ebda.svs,52,COAD,1,12.39,1,CA
378,TCGA-CA-5797,TCGA-CA-5797-01Z-00-DX1.6549a80e-4b68-4147-949b-6149ab680313.svs,56,COAD,0,12.58,1,CA
379,TCGA-CA-6715,TCGA-CA-6715-01Z-00-DX1.d5db8085-f91a-4eee-b15f-61960af713af.svs,63,COAD,0,12.58,1,CA
380,TCGA-CA-6716,TCGA-CA-6716-01Z-00-DX1.fd53102c-7f2b-47f1-b4d1-5693e81a0478.svs,65,COAD,0,12.19,1,CA
381,TCGA-CA-6717,TCGA-CA-6717-01Z-00-DX1.08da75b7-a08f-46b3-a8c0-24f601ec4558.svs,57,COAD,0,12.75,1,CA
382,TCGA-CA-6718,TCGA-CA-6718-01Z-00-DX1.9774472f-a29a-4b2b-8e50-ccbf9e5f9686.svs,46,COAD,0,10.05,0,CA
383,TCGA-CA-6719,TCGA-CA-6719-01Z-00-DX1.590fea56-aae4-4108-9169-a67ec8cd95b7.svs,77,COAD,0,14.29,1,CA
384,TCGA-CI-6622,TCGA-CI-6622-01Z-00-DX1.58a0f078-4076-4c27-aabd-7a169ead5356.svs,74,READ,0,44.74,1,CI
385,TCGA-CI-6624,TCGA-CI-6624-01Z-00-DX1.d8ee9c79-5886-41f1-a10a-3da167933882.svs,53,READ,1,48.16,1,CI
386,TCGA-CK-4947,TCGA-CK-4947-01Z-00-DX1.b257d5fd-b97b-4987-b088-77f044ca7fe2.svs,46,COAD,1,17.54,1,CK
387,TCGA-CK-4948,TCGA-CK-4948-01Z-00-DX1.cd6ecbec-9136-4ce7-9a96-eb1ac975b30f.svs,45,COAD,1,147.9,1,CK
388,TCGA-CK-4950,TCGA-CK-4950-01Z-00-DX1.03dcc4c2-2b63-45a2-8561-bf18193202b5.svs,68,COAD,1,85.38,1,CK
389,TCGA-CK-4951,TCGA-CK-4951-01Z-00-DX1.abdbb15c-fd40-4a55-bf54-5668b3d4ea13.svs,79,COAD,1,70.11,0,CK
390,TCGA-CK-4952,TCGA-CK-4952-01Z-00-DX1.0e98c7b4-5f80-485d-a191-ad93564b5f96.svs,48,COAD,1,15.6,1,CK
391,TCGA-CK-5912,TCGA-CK-5912-01Z-00-DX1.23a955f3-a1ed-4cb3-8e49-cbb3f789f3f5.svs,81,COAD,0,49.05,0,CK
392,TCGA-CK-5913,TCGA-CK-5913-01Z-00-DX1.64d267c5-895f-4274-9d98-bfd2d338aee2.svs,58,COAD,1,51.28,1,CK
393,TCGA-CK-5914,TCGA-CK-5914-01Z-00-DX1.dfa6d814-6ddb-4058-a236-d57303cbfbe9.svs,81,COAD,0,21.98,1,CK
394,TCGA-CK-5915,TCGA-CK-5915-01Z-00-DX1.04650539-005e-4221-90d6-49706b1d7244.svs,63,COAD,0,0.0,1,CK
395,TCGA-CK-5916,TCGA-CK-5916-01Z-00-DX1.726a78b1-e64f-4dd6-8f7e-e43e98f1f453.svs,71,COAD,1,21.12,0,CK
396,TCGA-CK-6746,TCGA-CK-6746-01Z-00-DX1.0aae8eec-1e82-494b-8779-d79fea8bec0c.svs,84,COAD,1,0.0,1,CK
397,TCGA-CK-6747,TCGA-CK-6747-01Z-00-DX1.7824596c-84db-4bee-b149-cd8f617c285f.svs,87,COAD,1,26.94,1,CK
398,TCGA-CK-6748,TCGA-CK-6748-01Z-00-DX1.1dd76660-7858-470c-a27b-36586b788125.svs,45,COAD,1,2.0,1,CK
399,TCGA-CK-6751,TCGA-CK-6751-01Z-00-DX1.df9e123a-c44c-4cc5-82de-ba7c4dbcb444.svs,88,COAD,1,17.02,1,CK
400,TCGA-CL-4957,TCGA-CL-4957-01Z-00-DX1.95ade564-bef3-4e82-af52-7d3a0a15b75d.svs,79,READ,1,13.96,0,CL
401,TCGA-CL-5917,TCGA-CL-5917-01Z-00-DX1.a2017752-58d7-4f69-ba0a-ff874dcf34a4.svs,71,READ,1,78.06,1,CL
402,TCGA-CL-5918,TCGA-CL-5918-01Z-00-DX1.c3bac47e-2737-419a-ab97-5d3f923f8986.svs,90,READ,1,0.0,1,CL
403,TCGA-CM-4743,TCGA-CM-4743-01Z-00-DX1.f54a6355-5623-498c-96b9-2ff1de6576c6.svs,69,COAD,0,23.03,1,CM
404,TCGA-CM-4744,TCGA-CM-4744-01Z-00-DX1.527ead53-bd55-4321-adea-079bf5e2e8a5.svs,69,COAD,0,20.01,1,CM
405,TCGA-CM-4746,TCGA-CM-4746-01Z-00-DX1.c83b9795-bf45-4100-9052-a7e485e0f770.svs,61,COAD,0,36.99,1,CM
406,TCGA-CM-4747,TCGA-CM-4747-01Z-00-DX1.e0fac451-1322-464e-b718-174e9db33f39.svs,47,COAD,0,25.0,1,CM
407,TCGA-CM-4748,TCGA-CM-4748-01Z-00-DX1.e6307e86-29c5-4018-a94a-77fae9b08123.svs,53,COAD,0,26.02,1,CM
408,TCGA-CM-4751,TCGA-CM-4751-01Z-00-DX1.F72E1883-5293-4351-A8DC-C4EA5D8F797C.svs,62,COAD,0,27.0,1,CM
409,TCGA-CM-4752,TCGA-CM-4752-01Z-00-DX1.ac26d5ca-f554-4766-a4c3-f90a8c327dd4.svs,58,COAD,0,13.01,1,CM
410,TCGA-CM-5341,TCGA-CM-5341-01Z-00-DX1.af4f75ff-3971-4639-8ef4-918ef4b29df0.svs,82,COAD,1,29.04,1,CM
411,TCGA-CM-5344,TCGA-CM-5344-01Z-00-DX1.586a3060-8c97-4619-b5b0-ad2d0d2b62cb.svs,39,COAD,1,22.01,1,CM
412,TCGA-CM-5348,TCGA-CM-5348-01Z-00-DX1.2ad0b8f6-684a-41a7-b568-26e97675cce9.svs,72,COAD,0,22.96,1,CM
413,TCGA-CM-5349,TCGA-CM-5349-01Z-00-DX1.d893eb9a-0321-4052-acfc-8c9a6e463921.svs,68,COAD,1,30.06,1,CM
414,TCGA-CM-5860,TCGA-CM-5860-01Z-00-DX1.95f23758-00b7-4602-b4ef-944130528f36.svs,44,COAD,0,32.0,1,CM
415,TCGA-CM-5861,TCGA-CM-5861-01Z-00-DX1.b900abc0-ecca-48e1-98ba-fbc99a6dae3e.svs,63,COAD,1,15.01,1,CM
416,TCGA-CM-5862,TCGA-CM-5862-01Z-00-DX1.df57752c-5937-40f2-a48f-37a147a82139.svs,80,COAD,0,5.03,0,CM
417,TCGA-CM-5863,TCGA-CM-5863-01Z-00-DX1.2dceed07-9373-4103-be16-533dac9f283b.svs,60,COAD,1,15.01,1,CM
418,TCGA-CM-5864,TCGA-CM-5864-01Z-00-DX1.2cb87875-6cae-4d8e-9c93-4a83941c0ca9.svs,60,COAD,0,15.01,1,CM
419,TCGA-CM-5868,TCGA-CM-5868-01Z-00-DX1.70f2e193-248d-4bf9-a875-49c314223f70.svs,59,COAD,1,17.02,1,CM
420,TCGA-CM-6161,TCGA-CM-6161-01Z-00-DX1.552104aa-6fd7-4d53-918b-fe67d359815c.svs,36,COAD,1,15.01,1,CM
421,TCGA-CM-6162,TCGA-CM-6162-01Z-00-DX1.806a99a3-cda2-4dde-8d13-d22912b44d49.svs,48,COAD,1,11.99,1,CM
422,TCGA-CM-6163,TCGA-CM-6163-01Z-00-DX1.012a7433-73bb-4584-957b-f92c8877a114.svs,74,COAD,0,14.03,1,CM
423,TCGA-CM-6164,TCGA-CM-6164-01Z-00-DX1.ccf5ce96-b732-4c35-b177-d3dbe2ed89cb.svs,46,COAD,1,29.01,1,CM
424,TCGA-CM-6165,TCGA-CM-6165-01Z-00-DX1.d59faefa-f647-4617-9dcf-4fd6ab45b4e6.svs,74,COAD,0,16.03,1,CM
425,TCGA-CM-6166,TCGA-CM-6166-01Z-00-DX1.52eaa124-7ab5-4aaf-b074-7f89a4c53804.svs,48,COAD,1,21.98,1,CM
426,TCGA-CM-6167,TCGA-CM-6167-01Z-00-DX1.7adf00e3-6768-46bb-814c-b2f04c472cc8.svs,57,COAD,1,14.98,1,CM
427,TCGA-CM-6168,TCGA-CM-6168-01Z-00-DX1.96af6eb2-9d51-4671-baf8-1a73d0c66869.svs,84,COAD,1,12.98,1,CM
428,TCGA-CM-6169,TCGA-CM-6169-01Z-00-DX1.0381c243-02b8-4f1d-840c-19ef44d4b92c.svs,67,COAD,0,13.01,1,CM
429,TCGA-CM-6170,TCGA-CM-6170-01Z-00-DX1.aa9c41ea-3894-4524-a94c-f44c6c53c2d0.svs,73,COAD,1,15.01,1,CM
430,TCGA-CM-6171,TCGA-CM-6171-01Z-00-DX1.74d4391e-3dbc-4ad4-b188-3b11ac65e6d8.svs,77,COAD,1,14.03,1,CM
431,TCGA-CM-6172,TCGA-CM-6172-01Z-00-DX1.a5d23c88-a173-46a2-b8dd-6d873b8216c7.svs,70,COAD,1,11.01,1,CM
432,TCGA-CM-6674,TCGA-CM-6674-01Z-00-DX1.4a08b16a-788e-43dc-85d2-baff6e911de2.svs,39,COAD,0,12.94,1,CM
433,TCGA-CM-6675,TCGA-CM-6675-01Z-00-DX1.4f2301e2-2894-484d-8a52-7be902a9861b.svs,35,COAD,0,13.04,1,CM
434,TCGA-CM-6676,TCGA-CM-6676-01Z-00-DX1.dcc2bf23-ecaa-4952-8485-fc609af66298.svs,82,COAD,0,11.07,1,CM
435,TCGA-CM-6677,TCGA-CM-6677-01Z-00-DX1.e3428c0a-a194-4e38-b105-8244701fcc71.svs,75,COAD,1,11.07,1,CM
436,TCGA-CM-6678,TCGA-CM-6678-01Z-00-DX1.b0e06829-c119-4131-a2ec-22d41d8d6068.svs,63,COAD,1,11.01,1,CM
437,TCGA-CM-6679,TCGA-CM-6679-01Z-00-DX1.b3a899df-256a-4546-9428-a6dd2695b2cf.svs,58,COAD,0,10.05,1,CM
438,TCGA-CM-6680,TCGA-CM-6680-01Z-00-DX1.68fe763e-d8f4-44ca-8604-4da4e57cee06.svs,78,COAD,1,12.02,1,CM
439,TCGA-D5-5537,TCGA-D5-5537-01Z-00-DX1.14709d4c-eba0-48d0-87b8-5f34f74429d6.svs,83,COAD,0,45.37,0,D5
440,TCGA-D5-5538,TCGA-D5-5538-01Z-00-DX1.7187bda7-9217-4395-a5e9-647357bc1c3a.svs,60,COAD,1,54.57,0,D5
441,TCGA-D5-5539,TCGA-D5-5539-01Z-00-DX1.9c46fe78-2adb-4f49-9141-cda135c2c90b.svs,60,COAD,0,19.58,1,D5
442,TCGA-D5-5540,TCGA-D5-5540-01Z-00-DX1.4e4c69ca-f736-4db3-a401-c4f814d975dd.svs,73,COAD,0,56.04,1,D5
443,TCGA-D5-5541,TCGA-D5-5541-01Z-00-DX1.2cd0a69e-879e-47aa-8035-1f9732ec4760.svs,63,COAD,0,55.88,1,D5
444,TCGA-D5-6529,TCGA-D5-6529-01Z-00-DX1.3b2ef23a-29b5-4a22-893c-6114d8244e68.svs,69,COAD,0,20.17,1,D5
445,TCGA-D5-6530,TCGA-D5-6530-01Z-00-DX1.5c4bbcd1-51ba-467d-93f9-f2a9e7c5e010.svs,53,COAD,0,20.4,1,D5
446,TCGA-D5-6531,TCGA-D5-6531-01Z-00-DX1.32241731-5890-424e-96d5-b897e770f03c.svs,75,COAD,0,17.74,1,D5
447,TCGA-D5-6532,TCGA-D5-6532-01Z-00-DX1.a28f2969-31ae-408f-99f5-5428e183e123.svs,61,COAD,0,18.23,1,D5
448,TCGA-D5-6533,TCGA-D5-6533-01Z-00-DX1.a4b5096e-88cc-4797-b8d5-1a9cf1e74a55.svs,68,COAD,1,25.46,1,D5
449,TCGA-D5-6534,TCGA-D5-6534-01Z-00-DX1.eb7b12b8-ad31-438f-8e1d-9bb76a560c86.svs,62,COAD,1,43.23,1,D5
450,TCGA-D5-6535,TCGA-D5-6535-01Z-00-DX1.0d7485ff-cf98-4c86-8a61-c7364f41b8b0.svs,80,COAD,1,15.11,1,D5
451,TCGA-D5-6536,TCGA-D5-6536-01Z-00-DX1.a4528e3f-770e-4271-9943-d3a8b8bd3e9d.svs,73,COAD,0,17.84,1,D5
452,TCGA-D5-6537,TCGA-D5-6537-01Z-00-DX1.f81ccf91-7ce6-4ccc-8278-cc05f639aca7.svs,64,COAD,0,4.8,0,D5
453,TCGA-D5-6538,TCGA-D5-6538-01Z-00-DX1.fab8da8e-1e0a-4fb2-987c-9792c05d5a3a.svs,79,COAD,1,17.12,1,D5
454,TCGA-D5-6539,TCGA-D5-6539-01Z-00-DX1.fe2a2e60-1db0-4019-9920-99416b34f05e.svs,45,COAD,1,12.48,1,D5
455,TCGA-D5-6540,TCGA-D5-6540-01Z-00-DX1.4ca9e502-959b-4fa8-a748-5fd0878e5c3f.svs,66,COAD,0,16.13,1,D5
456,TCGA-D5-6541,TCGA-D5-6541-01Z-00-DX1.b342c06b-8c59-4218-82f5-388568037e41.svs,49,COAD,0,15.57,1,D5
457,TCGA-D5-6898,TCGA-D5-6898-01Z-00-DX1.d2c5ab3b-da4d-4fa4-b535-4339d59515e7.svs,51,COAD,1,7.52,1,D5
459,TCGA-D5-6922,TCGA-D5-6922-01Z-00-DX1.6c11a531-71a3-45ff-b01a-49719b6a195c.svs,76,COAD,0,10.12,1,D5
460,TCGA-D5-6923,TCGA-D5-6923-01Z-00-DX1.ad5211f6-32a3-42c6-8594-93cb4432b5f6.svs,57,COAD,0,12.42,1,D5
461,TCGA-D5-6924,TCGA-D5-6924-01Z-00-DX1.a198456a-cf26-4cf3-a07a-edde8a4a710f.svs,68,COAD,0,14.29,1,D5
462,TCGA-D5-6926,TCGA-D5-6926-01Z-00-DX1.3830423a-3587-432b-9a6c-84f838e49fe6.svs,65,COAD,0,9.03,1,D5
463,TCGA-D5-6927,TCGA-D5-6927-01Z-00-DX1.ff21d627-dbb8-4200-937b-f8be8b86b6d4.svs,34,COAD,0,9.43,1,D5
464,TCGA-D5-6928,TCGA-D5-6928-01Z-00-DX1.f8a8fb91-c23e-418e-b9a3-500af1402ce1.svs,80,COAD,0,11.63,1,D5
465,TCGA-D5-6929,TCGA-D5-6929-01Z-00-DX1.5e555bba-87b2-440c-b6d4-e6fec3f7bf3a.svs,49,COAD,1,13.4,1,D5
466,TCGA-D5-6930,TCGA-D5-6930-01Z-00-DX1.fbf9468b-67c6-413d-a188-707ee2ab9b95.svs,67,COAD,0,13.34,1,D5
467,TCGA-D5-6931,TCGA-D5-6931-01Z-00-DX1.c1d00654-b5ff-4485-90a6-97ae9e7bd7fa.svs,77,COAD,0,11.99,1,D5
468,TCGA-D5-6932,TCGA-D5-6932-01Z-00-DX1.d18111de-f0f5-4637-8534-a2b4396cbb41.svs,69,COAD,0,11.37,1,D5
469,TCGA-D5-7000,TCGA-D5-7000-01Z-00-DX1.fb08c430-2c8c-486b-a39d-7d28c5eae189.svs,79,COAD,1,10.25,1,D5
470,TCGA-DC-4745,TCGA-DC-4745-01Z-00-DX1.f5aa77b0-aa9b-4f0c-a007-5d507daed69a.svs,49,READ,1,20.99,1,DC
471,TCGA-DC-4749,TCGA-DC-4749-01Z-00-DX1.aba764f5-9c10-49d4-b908-154c0268e6b0.svs,57,READ,0,25.03,1,DC
472,TCGA-DC-5337,TCGA-DC-5337-01Z-00-DX1.5ef2af22-210a-4767-a12b-92af0376c505.svs,69,READ,0,26.02,1,DC
473,TCGA-DC-5869,TCGA-DC-5869-01Z-00-DX1.ca8ffa5b-3881-4741-b0e3-5084dd9df536.svs,62,READ,1,30.98,1,DC
474,TCGA-DC-6154,TCGA-DC-6154-01Z-00-DX1.ea40ea43-062b-40e0-a572-90736551b355.svs,57,READ,1,11.99,1,DC
475,TCGA-DC-6155,TCGA-DC-6155-01Z-00-DX1.1a582653-3865-42d5-bf6c-2a05126e90ef.svs,31,READ,1,13.96,1,DC
476,TCGA-DC-6156,TCGA-DC-6156-01Z-00-DX1.102feb5c-0dff-4d7b-9b3b-d66383e8a4ff.svs,62,READ,0,30.98,1,DC
477,TCGA-DC-6157,TCGA-DC-6157-01Z-00-DX1.fe7acbc4-9ccc-48a6-baf1-c72f9c2e79aa.svs,48,READ,0,51.94,1,DC
478,TCGA-DC-6158,TCGA-DC-6158-01Z-00-DX1.06cf3c33-83e1-46fd-8717-6c4cddb659d9.svs,70,READ,0,10.97,0,DC
479,TCGA-DC-6160,TCGA-DC-6160-01Z-00-DX1.5de94ec6-7c9b-41ee-ad43-189d30c11657.svs,68,READ,0,43.99,1,DC
480,TCGA-DC-6681,TCGA-DC-6681-01Z-00-DX1.1c27d44f-fc1e-4010-9110-82713f277e0d.svs,70,READ,1,25.95,1,DC
481,TCGA-DC-6682,TCGA-DC-6682-01Z-00-DX1.d5273947-536c-40d5-a1b4-2eb1dbc5d338.svs,57,READ,0,25.03,1,DC
482,TCGA-DC-6683,TCGA-DC-6683-01Z-00-DX1.e1324f2d-db88-4416-adff-fffd9b361326.svs,43,READ,0,25.03,1,DC
483,TCGA-DM-A0X9,TCGA-DM-A0X9-01Z-00-DX1.C7FC2C17-12CC-4F10-B54F-7C29379D834E.svs,71,COAD,1,119.61,1,DM
484,TCGA-DM-A0XD,TCGA-DM-A0XD-01Z-00-DX1.DAFA56D4-85CB-4FB1-B5BB-E993CA522FF8.svs,65,COAD,0,24.41,0,DM
485,TCGA-DM-A0XF,TCGA-DM-A0XF-01Z-00-DX1.6FD3D3CF-A1E2-4F4E-BF02-F81B1A1061CC.svs,68,COAD,1,38.17,0,DM
486,TCGA-DM-A1D0,TCGA-DM-A1D0-01Z-00-DX1.1EE92F9A-3DAA-4C1E-9A17-F9E0D31BE0C1.svs,79,COAD,1,130.55,1,DM
487,TCGA-DM-A1D4,TCGA-DM-A1D4-01Z-00-DX1.38346604-2BAF-44F8-BD96-5BF58253C6AD.svs,80,COAD,0,92.67,0,DM
488,TCGA-DM-A1D6,TCGA-DM-A1D6-01Z-00-DX1.BCDA4D6C-8424-477D-9FAF-907206D2DDD6.svs,88,COAD,0,18.73,0,DM
489,TCGA-DM-A1D7,TCGA-DM-A1D7-01Z-00-DX1.4F3CF25D-A350-4A92-A891-7FFE40BE2710.svs,82,COAD,0,13.3,0,DM
490,TCGA-DM-A1D8,TCGA-DM-A1D8-01Z-00-DX1.2DD544F5-D72F-4840-B2D3-F361E032EA3B.svs,50,COAD,1,12.58,0,DM
491,TCGA-DM-A1D9,TCGA-DM-A1D9-01Z-00-DX1.C286F663-142A-4F8E-BFCD-56E33F73F7E8.svs,67,COAD,1,140.28,1,DM
492,TCGA-DM-A1DA,TCGA-DM-A1DA-01Z-00-DX1.00001FEF-3B63-4C6F-952A-1D5F6F51CD22.svs,71,COAD,1,7.49,0,DM
493,TCGA-DM-A1DB,TCGA-DM-A1DB-01Z-00-DX1.092D3ABD-7DFE-4193-B049-B3C3617706B0.svs,68,COAD,0,44.28,0,DM
494,TCGA-DM-A1HA,TCGA-DM-A1HA-01Z-00-DX1.E56FC26A-DDB9-4121-9E79-5009FB23CCEB.svs,82,COAD,0,85.41,1,DM
495,TCGA-DM-A280,TCGA-DM-A280-01Z-00-DX1.e7cfcec1-e284-4b94-80c2-cbb3186f7c6f.svs,70,COAD,1,7.75,0,DM
496,TCGA-DM-A282,TCGA-DM-A282-01Z-00-DX1.65f620ea-37be-4d3c-a993-a2bfb552108c.svs,60,COAD,1,139.06,1,DM
497,TCGA-DM-A285,TCGA-DM-A285-01Z-00-DX1.219e2829-8ffd-4b51-adce-cfd48293191b.svs,71,COAD,1,5.88,0,DM
498,TCGA-DM-A288,TCGA-DM-A288-01Z-00-DX1.716efd68-52d4-4049-b9a6-480700579e74.svs,68,COAD,0,14.03,0,DM
499,TCGA-DM-A28A,TCGA-DM-A28A-01Z-00-DX1.05b565c5-efa0-41be-a7e3-46f9166ddb7b.svs,78,COAD,0,26.45,0,DM
500,TCGA-DM-A28E,TCGA-DM-A28E-01Z-00-DX1.4381ffe6-3918-4fdd-b192-000f2b737b22.svs,72,COAD,1,119.84,1,DM
501,TCGA-DM-A28F,TCGA-DM-A28F-01Z-00-DX1.3ebf56a0-8f55-4681-bc7f-1e20d802a966.svs,73,COAD,0,35.94,0,DM
502,TCGA-DM-A28G,TCGA-DM-A28G-01Z-00-DX1.5e8602bd-31e1-4813-8214-cd56280defe5.svs,75,COAD,0,60.74,0,DM
503,TCGA-DM-A28H,TCGA-DM-A28H-01Z-00-DX1.daf607db-57d0-4685-8dd1-f6d0a9ee0435.svs,50,COAD,0,116.98,1,DM
504,TCGA-DM-A28K,TCGA-DM-A28K-01Z-00-DX1.766edac4-a5c8-45ef-aff6-73e308c1f442.svs,75,COAD,0,98.16,1,DM
505,TCGA-DM-A28M,TCGA-DM-A28M-01Z-00-DX1.055b2d62-8a1e-4bdf-a49e-123ad0de657b.svs,63,COAD,0,95.11,1,DM
506,TCGA-DT-5265,TCGA-DT-5265-01Z-00-DX1.563f09af-8bbe-45cd-9c6d-85a96255e67f.svs,51,READ,0,12.61,1,DT
507,TCGA-DY-A0XA,TCGA-DY-A0XA-01Z-00-DX1.6C98F8C6-0D17-4D7A-A404-B8E03E977D2B.svs,57,READ,1,126.35,1,DY
508,TCGA-DY-A1DC,TCGA-DY-A1DC-01Z-00-DX1.2DF22B63-011B-4530-ADE4-8245779EDB6F.svs,72,READ,1,41.33,0,DY
509,TCGA-DY-A1DD,TCGA-DY-A1DD-01Z-00-DX1.0F175E9D-FB44-4F06-B052-4D747D1AF820.svs,77,READ,1,57.19,0,DY
510,TCGA-DY-A1DE,TCGA-DY-A1DE-01Z-00-DX1.82002AC2-CC4A-4288-B74C-FBF5F61CDBE8.svs,56,READ,1,129.17,1,DY
511,TCGA-DY-A1DF,TCGA-DY-A1DF-01Z-00-DX1.D014E1D1-1CDB-476E-9A40-BB4BD2ADF8DA.svs,73,READ,1,24.11,0,DY
512,TCGA-DY-A1DG,TCGA-DY-A1DG-01Z-00-DX1.14B8412B-2A42-4340-BE32-299693AADAF6.svs,75,READ,0,51.45,0,DY
513,TCGA-EF-5830,TCGA-EF-5830-01Z-00-DX1.618859B2-6B71-4BF8-9679-3C3EAC4BA2C5.svs,54,READ,0,3.48,1,EF
514,TCGA-EI-6506,TCGA-EI-6506-01Z-00-DX1.5a936d3f-6209-4931-85b0-35431302fd71.svs,78,READ,1,20.53,1,EI
515,TCGA-EI-6507,TCGA-EI-6507-01Z-00-DX1.d290617b-a289-4887-9c76-6482a23aebfb.svs,60,READ,0,19.94,1,EI
516,TCGA-EI-6508,TCGA-EI-6508-01Z-00-DX1.4cfdfc25-faea-4d56-a15d-ad7a20d4010e.svs,48,READ,1,20.89,1,EI
517,TCGA-EI-6509,TCGA-EI-6509-01Z-00-DX1.3676fab0-3e79-4b57-b592-c1af5aee40f6.svs,53,READ,0,16.98,1,EI
518,TCGA-EI-6510,TCGA-EI-6510-01Z-00-DX1.e1209172-b10e-4dca-a714-16960a498cf4.svs,77,READ,1,18.27,1,EI
519,TCGA-EI-6511,TCGA-EI-6511-01Z-00-DX1.91431e0b-91c6-4ab1-8ab6-e8967ff482ae.svs,52,READ,0,15.83,1,EI
520,TCGA-EI-6512,TCGA-EI-6512-01Z-00-DX1.edf24f1e-381b-4c14-aabc-9aa30e84c5d7.svs,64,READ,1,17.67,1,EI
521,TCGA-EI-6513,TCGA-EI-6513-01Z-00-DX1.9d978c83-0ec2-46cc-8be5-9721b6c7cbd3.svs,59,READ,0,16.33,1,EI
522,TCGA-EI-6514,TCGA-EI-6514-01Z-00-DX1.d31b7dc9-3024-419e-a60d-53385e59369f.svs,59,READ,1,16.29,1,EI
523,TCGA-EI-6881,TCGA-EI-6881-01Z-00-DX1.5cfa2929-4374-4166-b110-39ab7d3de7cd.svs,60,READ,0,16.39,1,EI
524,TCGA-EI-6882,TCGA-EI-6882-01Z-00-DX1.b4b4638d-be05-453a-9028-de170db5b51e.svs,59,READ,0,8.61,1,EI
525,TCGA-EI-6883,TCGA-EI-6883-01Z-00-DX1.cbb30a39-9428-45f0-9178-40616322b073.svs,63,READ,0,11.5,1,EI
526,TCGA-EI-6884,TCGA-EI-6884-01Z-00-DX1.45c3bfa8-e7c2-4943-b5fe-2a2587b75f55.svs,71,READ,0,10.78,1,EI
527,TCGA-EI-6885,TCGA-EI-6885-01Z-00-DX1.ffb69ea3-047f-4ec5-b54c-e4f0ef3bf370.svs,57,READ,1,13.63,1,EI
528,TCGA-EI-6917,TCGA-EI-6917-01Z-00-DX1.ed5d8898-159f-48e5-b004-e390cb059944.svs,33,READ,0,17.44,1,EI
529,TCGA-EI-7002,TCGA-EI-7002-01Z-00-DX1.3f2935be-16fc-4a41-990a-8ab7f8fe6c85.svs,58,READ,0,11.96,1,EI
530,TCGA-EI-7004,TCGA-EI-7004-01Z-00-DX1.daacf1ac-97b7-43e9-8e79-b0f627b69ff7.svs,37,READ,1,8.44,1,EI
531,TCGA-F4-6459,TCGA-F4-6459-01Z-00-DX1.80a78213-1137-4521-9d60-ac64813dec4c.svs,61,COAD,1,8.61,0,F4
532,TCGA-F4-6460,TCGA-F4-6460-01Z-00-DX1.92a182ea-f22a-4d74-bfb6-34d3cd757dce.svs,51,COAD,1,31.93,0,F4
533,TCGA-F4-6461,TCGA-F4-6461-01Z-00-DX1.f7da24ac-4a3c-4814-8d11-3138a954e0df.svs,41,COAD,1,11.1,0,F4
534,TCGA-F4-6463,TCGA-F4-6463-01Z-00-DX1.a3fa6fb4-ce9d-4f0d-b5f7-3c9da7322cd0.svs,51,COAD,0,35.71,1,F4
535,TCGA-F4-6569,TCGA-F4-6569-01Z-00-DX1.accbe317-9a4d-49b9-b9c9-4d2bb1301f67.svs,60,COAD,0,35.71,1,F4
536,TCGA-F4-6570,TCGA-F4-6570-01Z-00-DX1.57a15bf3-d9a1-4da7-b71a-7b992a275bdf.svs,78,COAD,1,6.18,0,F4
537,TCGA-F4-6703,TCGA-F4-6703-01Z-00-DX1.28225f5d-d880-4605-831f-f22ec0272cde.svs,64,COAD,0,47.83,1,F4
538,TCGA-F4-6704,TCGA-F4-6704-01Z-00-DX1.f7cb6641-a6f3-40b7-a5cb-aaf604f73d0f.svs,60,COAD,0,1.54,1,F4
539,TCGA-F4-6805,TCGA-F4-6805-01Z-00-DX1.9927edbb-2801-4988-b113-1fdfd31a72a0.svs,58,COAD,1,34.4,1,F4
540,TCGA-F4-6806,TCGA-F4-6806-01Z-00-DX1.483d0fc7-220c-4b62-8c9e-a1004ce7450c.svs,59,COAD,1,41.39,1,F4
541,TCGA-F4-6807,TCGA-F4-6807-01Z-00-DX1.84bfb631-af3d-45e7-a7db-730844a53625.svs,51,COAD,1,43.0,1,F4
542,TCGA-F4-6808,TCGA-F4-6808-01Z-00-DX1.c5c94635-21de-4edb-a903-4a2c914a5795.svs,54,COAD,1,33.64,1,F4
543,TCGA-F4-6809,TCGA-F4-6809-01Z-00-DX1.5ab8333f-0c77-4685-8701-4130a93e6f3a.svs,52,COAD,1,13.24,0,F4
544,TCGA-F4-6854,TCGA-F4-6854-01Z-00-DX1.a4d18769-1632-41e4-b49d-4a88d36e21ab.svs,77,COAD,1,0.53,1,F4
545,TCGA-F4-6855,TCGA-F4-6855-01Z-00-DX1.41ed5985-be19-4dce-aab6-de3be0f1dcca.svs,70,COAD,1,47.37,1,F4
546,TCGA-F4-6856,TCGA-F4-6856-01Z-00-DX1.2872c7b5-b94d-4147-ad90-69f88668135a.svs,45,COAD,0,35.28,1,F4
547,TCGA-F5-6464,TCGA-F5-6464-01Z-00-DX1.1f990095-5e5a-438e-9ac5-d4775e1c826c.svs,77,READ,1,9.95,0,F5
548,TCGA-F5-6465,TCGA-F5-6465-01Z-00-DX1.e0c7afc7-1904-4dc4-8e8a-83b4290f445f.svs,64,READ,1,49.47,1,F5
549,TCGA-F5-6571,TCGA-F5-6571-01Z-00-DX1.2de5bae1-22da-460a-bb94-c4f74d92300e.svs,62,READ,1,42.31,1,F5
550,TCGA-F5-6702,TCGA-F5-6702-01Z-00-DX1.6f9c3c37-a762-4847-a3c6-44ea50b34eec.svs,71,READ,0,28.55,0,F5
551,TCGA-F5-6811,TCGA-F5-6811-01Z-00-DX1.8959e075-c641-472e-88a4-0b6081f58ad9.svs,72,READ,1,32.16,1,F5
553,TCGA-F5-6863,TCGA-F5-6863-01Z-00-DX1.67a42867-9ef3-4422-a20b-f9091d3517ed.svs,71,READ,1,11.86,0,F5
554,TCGA-F5-6864,TCGA-F5-6864-01Z-00-DX1.95556dfa-18a9-4a59-a1f5-7983b8908e07.svs,74,READ,1,12.45,1,F5
555,TCGA-G4-6293,TCGA-G4-6293-01Z-00-DX1.62ed5ed9-a79a-487a-bd6f-1f3f0571d44d.svs,49,COAD,1,133.08,1,G4
556,TCGA-G4-6294,TCGA-G4-6294-01Z-00-DX1.29a1716d-8875-49f0-8a83-f416221623b3.svs,75,COAD,0,28.19,0,G4
557,TCGA-G4-6295,TCGA-G4-6295-01Z-00-DX1.9e7ae22f-daac-42cb-a879-bcf505d1c725.svs,70,COAD,1,8.34,1,G4
558,TCGA-G4-6297,TCGA-G4-6297-01Z-00-DX1.3e37fa8b-c10e-4e44-9933-5bcbbe088fe0.svs,55,COAD,1,82.33,1,G4
559,TCGA-G4-6298,TCGA-G4-6298-01Z-00-DX1.83055d52-71f7-46ec-be53-11d86b19b4cf.svs,90,COAD,0,0.0,0,G4
560,TCGA-G4-6299,TCGA-G4-6299-01Z-00-DX1.22701e3b-7bfb-45ad-9382-842b2da0387a.svs,69,COAD,0,74.51,1,G4
561,TCGA-G4-6302,TCGA-G4-6302-01Z-00-DX1.78bd777d-4b82-44de-9ef1-c4c641364015.svs,90,COAD,1,0.0,0,G4
562,TCGA-G4-6303,TCGA-G4-6303-01Z-00-DX1.5819f041-d9b8-4fd2-bf52-65677be31df1.svs,54,COAD,1,65.8,0,G4
563,TCGA-G4-6304,TCGA-G4-6304-01Z-00-DX1.cf678a4f-5448-4d6a-a36f-cd1aec4d48a7.svs,66,COAD,1,53.58,1,G4
564,TCGA-G4-6306,TCGA-G4-6306-01Z-00-DX1.962227ca-b0d6-4cf4-afea-8f7c2f9b2477.svs,71,COAD,0,44.65,1,G4
565,TCGA-G4-6307,TCGA-G4-6307-01Z-00-DX1.fff548a0-8bc8-428e-a4ce-3a5d0b3f060b.svs,37,COAD,1,54.99,1,G4
566,TCGA-G4-6309,TCGA-G4-6309-01Z-00-DX1.3eb20fdc-eb86-4bd5-8194-76b02d4fa472.svs,40,COAD,1,85.41,1,G4
567,TCGA-G4-6310,TCGA-G4-6310-01Z-00-DX1.b88472d4-3adc-4e4d-b0f2-0dc195a3d7df.svs,69,COAD,0,63.57,1,G4
568,TCGA-G4-6311,TCGA-G4-6311-01Z-00-DX1.f1b98598-dbd8-4ba5-9ec7-5c93ccc82c81.svs,80,COAD,0,39.39,1,G4
569,TCGA-G4-6314,TCGA-G4-6314-01Z-00-DX1.bea21980-9584-4382-9de3-4c5114edb10d.svs,76,COAD,1,35.91,1,G4
570,TCGA-G4-6315,TCGA-G4-6315-01Z-00-DX1.2c3c17b0-c118-42b1-b1c9-7cc984e47f6c.svs,66,COAD,0,61.86,1,G4
571,TCGA-G4-6317,TCGA-G4-6317-01Z-00-DX1.6521a551-1516-4431-b3d7-af0a46978bcf.svs,51,COAD,1,35.97,1,G4
572,TCGA-G4-6320,TCGA-G4-6320-01Z-00-DX1.09f11d38-4d47-44c9-b8d6-4d4910c6280e.svs,73,COAD,0,26.41,1,G4
573,TCGA-G4-6321,TCGA-G4-6321-01Z-00-DX1.20bd4687-4b24-4666-a722-d42b9731136e.svs,60,COAD,1,22.08,1,G4
574,TCGA-G4-6322,TCGA-G4-6322-01Z-00-DX1.8676af67-716a-4052-a5e7-024b2e29c492.svs,65,COAD,0,26.02,1,G4
575,TCGA-G4-6323,TCGA-G4-6323-01Z-00-DX1.f97c27a6-9fbe-4a81-b4aa-020c25279449.svs,50,COAD,0,13.76,1,G4
576,TCGA-G4-6586,TCGA-G4-6586-01Z-00-DX1.f19ef98f-9540-4b8d-bd13-5891e79b2576.svs,73,COAD,1,35.78,1,G4
577,TCGA-G4-6588,TCGA-G4-6588-01Z-00-DX1.0747172e-f630-4b7c-9341-55078585ae00.svs,58,COAD,1,26.15,1,G4
578,TCGA-G4-6625,TCGA-G4-6625-01Z-00-DX1.0fa26667-2581-4f96-a891-d78dbc3299b4.svs,77,COAD,1,91.72,1,G4
579,TCGA-G4-6626,TCGA-G4-6626-01Z-00-DX1.20e7691e-9ef5-4278-a7d4-3967e36f24d5.svs,90,COAD,0,0.03,0,G4
580,TCGA-G4-6627,TCGA-G4-6627-01Z-00-DX1.f23c6977-d0cb-4bc8-b373-4b1b73c331cc.svs,84,COAD,0,71.45,1,G4
581,TCGA-G4-6628,TCGA-G4-6628-01Z-00-DX1.d67973d1-9544-47e1-9ecb-e9d8d7f310e6.svs,78,COAD,0,79.63,1,G4
582,TCGA-G5-6233,TCGA-G5-6233-01Z-00-DX1.86802633-c8f3-4d1e-85ab-f2ce2fe0a7ed.svs,74,READ,0,18.27,0,G5
583,TCGA-G5-6235,TCGA-G5-6235-01Z-00-DX1.c78c95d4-933c-4057-81a4-2fab3ee4a187.svs,72,READ,0,55.72,1,G5
584,TCGA-G5-6572,TCGA-G5-6572-01Z-00-DX1.7a9d5e04-f3dc-4fc7-b188-b90219e0cc50.svs,56,READ,0,47.04,0,G5
585,TCGA-G5-6641,TCGA-G5-6641-01Z-00-DX1.5d9d937f-0e87-4cdb-87f5-6b6338c2d195.svs,67,READ,0,26.41,1,G5
586,TCGA-NH-A50T,TCGA-NH-A50T-01Z-00-DX1.4624B690-C0DE-42BD-852C-6EBABF40255F.svs,68,COAD,1,18.17,1,NH
587,TCGA-NH-A50U,TCGA-NH-A50U-01Z-00-DX1.CA30EE72-7149-44E0-9082-AC1922ADDB09.svs,42,COAD,0,10.97,0,NH
588,TCGA-NH-A50V,TCGA-NH-A50V-01Z-00-DX1.408BA0A6-E569-4464-A8CB-D6553A4DF9E0.svs,69,COAD,0,19.32,1,NH
589,TCGA-NH-A5IV,TCGA-NH-A5IV-01Z-00-DX1.1A6F9F12-C00E-47F2-9400-541BA230EFBE.svs,90,COAD,1,0.0,1,NH
590,TCGA-NH-A6GA,TCGA-NH-A6GA-01Z-00-DX1.33AFBF24-84BD-4E21-8A2D-A565AD3E4376.svs,58,COAD,0,9.92,0,NH
591,TCGA-NH-A6GB,TCGA-NH-A6GB-01Z-00-DX1.AD90C375-54ED-4EE4-A537-59A2E3FE4BCD.svs,71,COAD,1,15.64,1,NH
592,TCGA-NH-A6GC,TCGA-NH-A6GC-01Z-00-DX1.29073D7E-5EEF-4BBA-96BE-DC8C69924C42.svs,66,COAD,1,12.78,1,NH
593,TCGA-NH-A6GC,TCGA-NH-A6GC-06Z-00-DX1.5F90CBDB-794B-498D-B75F-60EBDE17B22A.svs,66,COAD,1,12.78,1,NH
594,TCGA-NH-A8F7,TCGA-NH-A8F7-01Z-00-DX1.5CB8911D-07C3-4EF2-A97D-A62B441CF79E.svs,53,COAD,1,17.84,1,NH
595,TCGA-NH-A8F8,TCGA-NH-A8F8-01Z-00-DX1.0C13D583-0BCE-44F7-A4E6-5994FE97B99C.svs,79,COAD,0,16.79,0,NH
596,TCGA-QG-A5YV,TCGA-QG-A5YV-01Z-00-DX1.9B7FD3EA-D1AB-44B3-B728-820939EF56EA.svs,64,COAD,1,42.74,1,QG
597,TCGA-QG-A5YW,TCGA-QG-A5YW-01Z-00-DX1.3242285F-FA82-4A92-9D0E-951013A3C91A.svs,55,COAD,1,29.43,1,QG
598,TCGA-QG-A5YX,TCGA-QG-A5YX-01Z-00-DX1.28125B5A-B696-44AE-8A86-72E2CF7B9A6A.svs,61,COAD,1,32.95,1,QG
599,TCGA-QG-A5Z2,TCGA-QG-A5Z2-01Z-00-DX2.F2352352-8F00-4BB3-8A62-8D1C1E374F95.svs,61,COAD,0,31.27,1,QG
600,TCGA-QG-A5Z2,TCGA-QG-A5Z2-01Z-00-DX1.51896C31-235E-48EF-90F7-FC05350CA564.svs,61,COAD,0,31.27,1,QG
601,TCGA-QL-A97D,TCGA-QL-A97D-01Z-00-DX1.6B48E95D-BE3C-4448-A1AF-6988C00B7AF1.svs,84,COAD,1,21.88,1,QL
602,TCGA-SS-A7HO,TCGA-SS-A7HO-01Z-00-DX1.D20B9109-F984-40DE-A4F1-2DFC61002862.svs,44,COAD,1,60.09,1,SS
606,TCGA-WS-AB45,TCGA-WS-AB45-01Z-00-DX1.1FD99E7A-830F-40DC-98CD-53C62C678AC6.svs,52,COAD,1,69.97,1,WS
